Workbook

Sheet README
A1: PROM06 TC01–TC12 Verified Results Matrix
A2: Built 13 Oct 2026 from: PR bot comments and run artifacts (PRs #46–#68 Condition C; PRs #70–#81 independent), experiment-metadata.json for 37 independent runs, local reproduction with Checkov 3.3.1 and tfsec 1.28.14, Ground-Truth Matrix v1.0 and Confluence PROM06-TC-Evidences v72 (13 Oct 10:47).
A3: Evidence hierarchy used: raw run artifacts > PR bot comments > Confluence/screenshots > draft matrix.
A4: Classification codes (target condition only):
A5: TP = target condition correctly reported FN = target condition not reported TN = no finding on a case with no intended weakness
A6: FP = finding that treats an acceptable configuration as a defect PARTIAL = reported inconsistently across runs CONTEXT = context-sensitive, researcher decision needed UNVERIFIED = evidence conflict, not usable
A7: AI (independent) = post-PR #69 workflow, scanner_findings_supplied_to_ai = false in every run's metadata, 3 successful runs per case (TC08: 3 successful + 1 failed). AI (hybrid) = earlier Condition C runs whose prompt contained normalised Checkov/tfsec findings.
A8: Severity labels are each tool's own scale and are not equivalent across tools (Checkov OSS JSON has no severity).
A9: Sheets: Verified Matrix · Summary (formula-driven counts) · Independent AI Runs · Scanner Results · Hybrid Runs (Condition C) · Decisions & Caveats · Draft Matrix (original).
A10: Decisions & Caveats: all ten proposed treatments agreed by AB on 13 Oct 2026; classifications in 'Verified Matrix' reflect them. Matrix frozen pending AI explanation/remediation scoring.
A12: Step 3 additions (13 Oct 2026):
A13: Metrics — case-level detection/false-alarm metrics for TC01–TC12 (verified) and TC01–TC15 (TC13–15 provisional), complementarity, AI run-level metrics, timing and remediation summaries (all formulas).
... A18: File name kept for continuity; the workbook now also covers TC13–TC15.

Sheet Verified Matrix
A1: Test case | B1: Scenario (Confluence v72) | C1: Ground truth (summary) | D1: Case type | E1: Checkov 3.3.1 observed | F1: Checkov class. | G1: tfsec 1.28.14 observed | H1: tfsec class. | I1: AI independent (3 runs) | J1: AI indep. class. | K1: AI hybrid / Condition C (earlier) | L1: AI hybrid class. | M1: Extra / unrelated findings | N1: Evidence references | O1: Caveats
A2: TC01 | B2: Secure baseline | C2: No intentional vulnerability (false-positive baseline). | D2: Secure | E2: 7 passed / 0 failed | F2: TN | G2: 0 findings | H2: TN | I2: 0 confirmed in 3/3 runs (100/100). Only FALSE_POSITIVE/INFORMATIONAL notes in the artifact. | J2: TN | K2: Conflicting: PR #46 (older fixture) 2 confirmed MEDIUM (TAG-001, LOG-001), 55/100; Confluence 'clean' screenshot from PR #55 cannot be tied to its own run. | L2: UNVERIFIED | M2: None confirmed. | N2: PR #70, 92ab884, runs 38404582550 / 38405003190 / 38405111880; hybrid PR #46, #55 | O2: Baseline evolved after PR #46 AI findings (tags, logging, deny rules) and prompt was adjusted — disclose as validity threat. TC01 rerun branch has a comment-only edit.
A3: TC02 | B3: Unrestricted SSH Access | C3: Inbound TCP/22 from 0.0.0.0/0 — genuine management-plane exposure. | D3: Vulnerable | E3: 7/0 — CKV_AZURE_10 evaluated and PASSED | F3: FN | G3: AVD-AZU-0047 + AVD-AZU-0050 (CRITICAL) | H3: TP | I3: HIGH SSH finding in 3/3 runs (70/100). | J3: TP | K3: CRITICAL SSH, cited tfsec IDs (PR #56). | L3: TP | M3: tfsec: 2 rules for one condition (normalise to 1). | N3: PR #71, 3eda6f7; hybrid PR #56 | O3: Checkov passes because '0.0.0.0/0' is not matched as internet; CKV_AZURE_10 fails when the source is '*' (local probe).
A4: TC03 | B4: Unrestricted RDP Access | C4: Inbound TCP/3389 from 0.0.0.0/0 — genuine management-plane exposure. | D4: Vulnerable | E4: 7/0 — CKV_AZURE_9 evaluated and PASSED | F4: FN | G4: AVD-AZU-0048 + AVD-AZU-0047 (CRITICAL) | H4: TP | I4: HIGH RDP finding in 3/3 runs; run 3 added a duplicate SEC-001 policy finding (40/100). | J4: TP | K4: CRITICAL RDP, cited tfsec IDs (PR #57). | L4: TP | M4: AI run 3: duplicate SEC-001 finding for the same condition; tfsec: 2 rules, 1 condition. | N4: PR #72, 27789d9; hybrid PR #57 | O4: Same Checkov source-matching behaviour as TC02 (inferred; probe run on TC02 only).
A5: TC04 | B5: Public HTTP Ingress | C5: Inbound TCP/80 from 0.0.0.0/0 — intended TC04 weakness (Confluence v72). | D5: Vulnerable | E5: 7/0 — CKV_AZURE_160 evaluated and PASSED | F5: FN | G5: AVD-AZU-0047 (CRITICAL, generic public ingress) | H5: TP | I5: HIGH HTTP finding in 3/3 runs (70/100). | J5: TP | K5: HIGH HTTP, cited tfsec ID (PR #58). | L5: TP | M5: — | N5: PR #73, cbc6855; hybrid PR #58 | O5: GT v1.0 described TC04 as context-dependent; Confluence v72 fixes it as an intended weakness. tfsec rule is not port-specific.
A6: TC05 | B6: Missing NSG Association | C6: NSG exists but is not associated with the subnet — control not effective. | D6: Vulnerable | E6: CKV2_AZURE_31 (6 passed / 1 failed) | F6: TP | G6: 0 findings | H6: FN | I6: NET-001 finding in 3/3 runs (HIGH, HIGH, MEDIUM). | J6: TP | K6: MEDIUM NET-001, cited Checkov ID (PR #59). | L6: TP | M6: AI: NEEDS_CONTEXT note in every run about the stale 'Custom resolver' DNS comment (fixture artefact). | N6: PR #74, 14486bd; hybrid PR #59 | O6: Severity varied across identical runs.
A7: TC06 | B7: Public DNS Configuration | C7: VNet uses public resolver 8.8.8.8 contrary to NET-002 / CKV_AZURE_183. | D7: Vulnerable | E7: CKV_AZURE_183 + CKV_AZURE_182 (5/2) | F7: TP | G7: 0 findings | H7: FN | I7: MEDIUM NET-002 finding in 3/3 runs (85/100). | J7: TP | K7: MEDIUM NET-002, cited Checkov IDs (PR #61). | L7: TP | M7: Checkov CKV_AZURE_182 (≥2 DNS endpoints) is related but not the target condition. | N7: PR #75, eb51ee9; hybrid PR #61 | O7: Ground truth depends on the project baseline (NET-002); public DNS is not inherently insecure.
A8: TC07 | B8: Weak TLS Configuration | C8: Storage account min_tls_version = TLS1_0 below TLS 1.2 minimum. | D8: Vulnerable | E8: CKV_AZURE_44 among 11 failed (11/11) | F8: TP | G8: AVD-AZU-0011 (CRITICAL) | H8: TP | I8: HIGH TLS finding in 3/3 runs + LOW TAG-001 (65/100). | J8: TP | K8: CRITICAL TLS + 2 extra findings (PR #63). | L8: TP | M8: Checkov: 10 unrelated storage checks fail. AI: valid LOW TAG-001 (storage is taggable) + NEEDS_CONTEXT public access. | N8: PR #76, b6e93b7; hybrid PR #63 | O8: Fixture not single-variable (new storage account, hard-coded RG, non-standard tags); Confluence scenario said TC12 HTTPS service would be reused.
A9: TC08 | B9: Missing Diagnostic/Audit Logging | C9: NSG diagnostic setting removed; logs not forwarded to Log Analytics (LOG-001). | D9: Vulnerable | E9: 7/0 | F9: FN | G9: 0 findings | H9: FN | I9: Raised in all 4 runs but classified inconsistently: FALSE_POSITIVE (output rejected, run failed), NEEDS_CONTEXT ×2, CONFIRMED ×1. | J9: PARTIAL | K9: MEDIUM LOG-001 confirmed (PR #64). | L9: TP | M9: — | N9: PR #77, c86e4d5, runs 38404605125 (failed) / 38405066857 / 38405174844 / 38405218950; hybrid PR #64 | O9: Only the AI is given LOG-001; failed run's summary wrongly claimed the absence was intentional.
A10: TC09 | B10: Plaintext Credentials (dummy) | C10: Dummy credential-shaped string hard-coded in a Terraform local; value is non-sensitive test data. | D10: Vulnerable | E10: 7/0 (Checkov run with --framework terraform; secrets framework not run) | F10: FN | G10: 0 findings | H10: FN | I10: MEDIUM hard-coded secret finding in 3/3 runs (85/100). | J10: TP | K10: MEDIUM finding (PR #65). | L10: TP | M10: — | N10: PR #78, 277a730; hybrid PR #65 | O10: Checkov non-detection reflects pipeline configuration as much as tool capability. Explanation accuracy (state claims) to be scored in step 2.
A11: TC10 | B11: Excessive Azure IAM Permissions | C11: Custom role actions = ['*'] at subscription scope exceeds minimum. | D11: Vulnerable | E11: CKV_AZURE_39 (7/1) | F11: TP | G11: 0 findings | H11: FN | I11: HIGH wildcard-role finding in 3/3 runs; 2/3 runs added LOW TAG-001. | J11: TP | K11: Run 1: 2 × CRITICAL (40/100); rerun same commit: 1 × HIGH (70/100) (PR #66). | L11: TP | M11: AI TAG-001 on azurerm_role_definition (resource has no tags) — AI false positive in 2/3 runs. | N11: PR #79, bd8a61f; hybrid PR #66 (2 attempts) | O11: Matrix 'critical' reflected hybrid run 1 only.
A12: TC11 | B12: Multi-file, context-dependent weakness | C12: Wildcard role vs read-only actions documented in tc11_requirements.tf. | D12: Vulnerable | E12: CKV_AZURE_39 (7/1) | F12: TP | G12: 0 findings | H12: FN | I12: HIGH finding in 3/3 runs; all 3 cite tc11_requirements.tf. | J12: TP | K12: HIGH finding ×2, cited Checkov (PR #67). | L12: TP | M12: — | N12: PR #80, 3dd9a04; hybrid PR #67 (2 attempts) | O12: Construct validity: the wildcard alone triggers detection, so this does not isolate multi-file reasoning. Confluence heading 'AI-only (B)' is wrong — evidence is Condition C.
A13: TC12 | B13: Legitimate Public HTTPS Service | C13: Public TCP/443 is intentional; exposure alone is not a vulnerability. | D13: Legitimate | E13: 11 passed / 0 failed | F13: TN | G13: AVD-AZU-0047 (CRITICAL) on the intended rule | H13: CONTEXT | I13: Varied: run 1 blocked (HIGH + MEDIUM SEC-001 + LOW TAG-001, 50/100); run 2 LOW TAG-001 only (95); run 3 none (100), said SEC-001 justified and TAG-001 n/a. | J13: CONTEXT | K13: MEDIUM SEC-001 scope concern (PR #68). | L13: CONTEXT | M13: AI TAG-001 on azurerm_network_security_rule (resource has no tags) — AI false positive in 2/3 runs. | N13: PR #81, 9cee1fe; hybrid PR #68 | O13: Decide whether the shared-NSG/wildcard-destination scope concern counts as a separate weakness; until then tfsec and AI are CONTEXT.

Sheet Summary
A1: Descriptive counts (formula-driven from 'Verified Matrix')
A3: Measure | B3: Checkov | C3: tfsec | D3: AI independent | E3: AI hybrid (Cond. C) | F3: Definition / denominator
A4: Vulnerable cases (denominator) | B4: =COUNTIF('Verified Matrix'!$D$2:$D$13,"Vulnerable") -> 10 | C4: =COUNTIF('Verified Matrix'!$D$2:$D$13,"Vulnerable") -> 10 | D4: =COUNTIF('Verified Matrix'!$D$2:$D$13,"Vulnerable") -> 10 | E4: =COUNTIF('Verified Matrix'!$D$2:$D$13,"Vulnerable") -> 10 | F4: TC02–TC11
A5: Target condition detected (TP) | B5: =COUNTIFS('Verified Matrix'!$D$2:$D$13,"Vulnerable",'Verified Matrix'!$F$2:$F$13,"TP") -> 5 | C5: =COUNTIFS('Verified Matrix'!$D$2:$D$13,"Vulnerable",'Verified Matrix'!$H$2:$H$13,"TP") -> 4 | D5: =COUNTIFS('Verified Matrix'!$D$2:$D$13,"Vulnerable",'Verified Matrix'!$J$2:$J$13,"TP") -> 9 | E5: =COUNTIFS('Verified Matrix'!$D$2:$D$13,"Vulnerable",'Verified Matrix'!$L$2:$L$13,"TP") -> 10 | F5: Normalised: one detection per case regardless of rule count
A6: Target condition missed (FN) | B6: =COUNTIFS('Verified Matrix'!$D$2:$D$13,"Vulnerable",'Verified Matrix'!$F$2:$F$13,"FN") -> 5 | C6: =COUNTIFS('Verified Matrix'!$D$2:$D$13,"Vulnerable",'Verified Matrix'!$H$2:$H$13,"FN") -> 6 | D6: =COUNTIFS('Verified Matrix'!$D$2:$D$13,"Vulnerable",'Verified Matrix'!$J$2:$J$13,"FN") -> 0 | E6: =COUNTIFS('Verified Matrix'!$D$2:$D$13,"Vulnerable",'Verified Matrix'!$L$2:$L$13,"FN") -> 0
A7: Inconsistent across runs (PARTIAL) | B7: =COUNTIFS('Verified Matrix'!$D$2:$D$13,"Vulnerable",'Verified Matrix'!$F$2:$F$13,"PARTIAL") -> 0 | C7: =COUNTIFS('Verified Matrix'!$D$2:$D$13,"Vulnerable",'Verified Matrix'!$H$2:$H$13,"PARTIAL") -> 0 | D7: =COUNTIFS('Verified Matrix'!$D$2:$D$13,"Vulnerable",'Verified Matrix'!$J$2:$J$13,"PARTIAL") -> 1 | E7: =COUNTIFS('Verified Matrix'!$D$2:$D$13,"Vulnerable",'Verified Matrix'!$L$2:$L$13,"PARTIAL") -> 0 | F7: AI only: TC08
A8: Detection rate (TP / vulnerable cases) | B8: =IFERROR(B5/B4,0) -> 0.5 | C8: =IFERROR(C5/C4,0) -> 0.4 | D8: =IFERROR(D5/D4,0) -> 0.9 | E8: =IFERROR(E5/E4,0) -> 1 | F8: Descriptive only; n = 10 constructed cases, not a population estimate
A9: Secure baseline TC01 — clean (TN) | B9: =COUNTIFS('Verified Matrix'!$D$2:$D$13,"Secure",'Verified Matrix'!$F$2:$F$13,"TN") -> 1 | C9: =COUNTIFS('Verified Matrix'!$D$2:$D$13,"Secure",'Verified Matrix'!$H$2:$H$13,"TN") -> 1 | D9: =COUNTIFS('Verified Matrix'!$D$2:$D$13,"Secure",'Verified Matrix'!$J$2:$J$13,"TN") -> 1 | E9: =COUNTIFS('Verified Matrix'!$D$2:$D$13,"Secure",'Verified Matrix'!$L$2:$L$13,"TN") -> 0 | F9: 1 case
A10: Secure baseline TC01 — unverified | B10: =COUNTIFS('Verified Matrix'!$D$2:$D$13,"Secure",'Verified Matrix'!$F$2:$F$13,"UNVERIFIED") -> 0 | C10: =COUNTIFS('Verified Matrix'!$D$2:$D$13,"Secure",'Verified Matrix'!$H$2:$H$13,"UNVERIFIED") -> 0 | D10: =COUNTIFS('Verified Matrix'!$D$2:$D$13,"Secure",'Verified Matrix'!$J$2:$J$13,"UNVERIFIED") -> 0 | E10: =COUNTIFS('Verified Matrix'!$D$2:$D$13,"Secure",'Verified Matrix'!$L$2:$L$13,"UNVERIFIED") -> 1 | F10: Hybrid TC01 evidence conflict
A11: Legitimate TC12 — no finding (TN) | B11: =COUNTIFS('Verified Matrix'!$D$2:$D$13,"Legitimate",'Verified Matrix'!$F$2:$F$13,"TN") -> 1 | C11: =COUNTIFS('Verified Matrix'!$D$2:$D$13,"Legitimate",'Verified Matrix'!$H$2:$H$13,"TN") -> 0 | D11: =COUNTIFS('Verified Matrix'!$D$2:$D$13,"Legitimate",'Verified Matrix'!$J$2:$J$13,"TN") -> 0 | E11: =COUNTIFS('Verified Matrix'!$D$2:$D$13,"Legitimate",'Verified Matrix'!$L$2:$L$13,"TN") -> 0 | F11: 1 case
A12: Legitimate TC12 — context-sensitive (CONTEXT) | B12: =COUNTIFS('Verified Matrix'!$D$2:$D$13,"Legitimate",'Verified Matrix'!$F$2:$F$13,"CONTEXT") -> 0 | C12: =COUNTIFS('Verified Matrix'!$D$2:$D$13,"Legitimate",'Verified Matrix'!$H$2:$H$13,"CONTEXT") -> 1 | D12: =COUNTIFS('Verified Matrix'!$D$2:$D$13,"Legitimate",'Verified Matrix'!$J$2:$J$13,"CONTEXT") -> 1 | E12: =COUNTIFS('Verified Matrix'!$D$2:$D$13,"Legitimate",'Verified Matrix'!$L$2:$L$13,"CONTEXT") -> 1 | F12: Agreed 13 Oct: report both readings (D2)
A15: Union and overlap (vulnerable cases)
A16: Detected by Checkov OR tfsec | B16: =SUMPRODUCT(('Verified Matrix'!$D$2:$D$13="Vulnerable")*((('Verified Matrix'!$F$2:$F$13="TP")+('Verified Matrix'!$H$2:$H$13="TP"))>0)) -> 8 | F16: Scanner union
A17: Detected by AI independent (TP) but by neither scanner | B17: =SUMPRODUCT(('Verified Matrix'!$D$2:$D$13="Vulnerable")*('Verified Matrix'!$J$2:$J$13="TP")*('Verified Matrix'!$F$2:$F$13<>"TP")*('Verified Matrix'!$H$2:$H$13<>"TP")) -> 1 | F17: TC09 (TC08 is PARTIAL)
A18: Detected by a scanner but not by AI independent (TP) | B18: =SUMPRODUCT(('Verified Matrix'!$D$2:$D$13="Vulnerable")*(((('Verified Matrix'!$F$2:$F$13="TP")+('Verified Matrix'!$H$2:$H$13="TP"))>0))*('Verified Matrix'!$J$2:$J$13<>"TP")) -> 0 | F18: None expected
A19: Missed by all three | B19: =SUMPRODUCT(('Verified Matrix'!$D$2:$D$13="Vulnerable")*('Verified Matrix'!$F$2:$F$13<>"TP")*('Verified Matrix'!$H$2:$H$13<>"TP")*('Verified Matrix'!$J$2:$J$13<>"TP")*('Verified Matrix'!$J$2:$J$13<>"PARTIAL")) -> 0
A21: Notes: counts are descriptive for 12 controlled fixtures. Alert counts are not quality measures; scanner rules for one condition are normalised to one detection. AI independent classification uses 3 identical runs per case.

Sheet Metrics
A1: Step 3 metrics — detection, false alarms, run consistency, timing and remediation
A2: Case-level classes for TC01–TC12 are linked from 'Verified Matrix' (green). TC13–TC15 are typed (blue) from local scans and the nine run artefacts (metadata verified: INDEPENDENT, no scanner input). All rates are descriptive for constructed cases (n = 15), not population estimates.
A4: TC | B4: Case type | C4: Checkov | D4: tfsec | E4: Scanner union | F4: AI independent | G4: Status | H4: Note
A5: ='Verified Matrix'!A2 -> TC01 | B5: ='Verified Matrix'!D2 -> Secure | C5: ='Verified Matrix'!F2 -> TN | D5: ='Verified Matrix'!H2 -> TN | E5: =IF(OR(C5="TP",D5="TP"),"TP",IF(B5="Vulnerable","FN",IF(OR(C5="CONTEXT",D5="CONTEXT"),"CONTEXT",IF(OR(C5="FP",D5="FP"),"FP","TN")))) -> TN | F5: ='Verified Matrix'!J2 -> TN | G5: Verified | H5: Secure baseline.
A6: ='Verified Matrix'!A3 -> TC02 | B6: ='Verified Matrix'!D3 -> Vulnerable | C6: ='Verified Matrix'!F3 -> FN | D6: ='Verified Matrix'!H3 -> TP | E6: =IF(OR(C6="TP",D6="TP"),"TP",IF(B6="Vulnerable","FN",IF(OR(C6="CONTEXT",D6="CONTEXT"),"CONTEXT",IF(OR(C6="FP",D6="FP"),"FP","TN")))) -> TP | F6: ='Verified Matrix'!J3 -> TP | G6: Verified
A7: ='Verified Matrix'!A4 -> TC03 | B7: ='Verified Matrix'!D4 -> Vulnerable | C7: ='Verified Matrix'!F4 -> FN | D7: ='Verified Matrix'!H4 -> TP | E7: =IF(OR(C7="TP",D7="TP"),"TP",IF(B7="Vulnerable","FN",IF(OR(C7="CONTEXT",D7="CONTEXT"),"CONTEXT",IF(OR(C7="FP",D7="FP"),"FP","TN")))) -> TP | F7: ='Verified Matrix'!J4 -> TP | G7: Verified
A8: ='Verified Matrix'!A5 -> TC04 | B8: ='Verified Matrix'!D5 -> Vulnerable | C8: ='Verified Matrix'!F5 -> FN | D8: ='Verified Matrix'!H5 -> TP | E8: =IF(OR(C8="TP",D8="TP"),"TP",IF(B8="Vulnerable","FN",IF(OR(C8="CONTEXT",D8="CONTEXT"),"CONTEXT",IF(OR(C8="FP",D8="FP"),"FP","TN")))) -> TP | F8: ='Verified Matrix'!J5 -> TP | G8: Verified
A9: ='Verified Matrix'!A6 -> TC05 | B9: ='Verified Matrix'!D6 -> Vulnerable | C9: ='Verified Matrix'!F6 -> TP | D9: ='Verified Matrix'!H6 -> FN | E9: =IF(OR(C9="TP",D9="TP"),"TP",IF(B9="Vulnerable","FN",IF(OR(C9="CONTEXT",D9="CONTEXT"),"CONTEXT",IF(OR(C9="FP",D9="FP"),"FP","TN")))) -> TP | F9: ='Verified Matrix'!J6 -> TP | G9: Verified
A10: ='Verified Matrix'!A7 -> TC06 | B10: ='Verified Matrix'!D7 -> Vulnerable | C10: ='Verified Matrix'!F7 -> TP | D10: ='Verified Matrix'!H7 -> FN | E10: =IF(OR(C10="TP",D10="TP"),"TP",IF(B10="Vulnerable","FN",IF(OR(C10="CONTEXT",D10="CONTEXT"),"CONTEXT",IF(OR(C10="FP",D10="FP"),"FP","TN")))) -> TP | F10: ='Verified Matrix'!J7 -> TP | G10: Verified
A11: ='Verified Matrix'!A8 -> TC07 | B11: ='Verified Matrix'!D8 -> Vulnerable | C11: ='Verified Matrix'!F8 -> TP | D11: ='Verified Matrix'!H8 -> TP | E11: =IF(OR(C11="TP",D11="TP"),"TP",IF(B11="Vulnerable","FN",IF(OR(C11="CONTEXT",D11="CONTEXT"),"CONTEXT",IF(OR(C11="FP",D11="FP"),"FP","TN")))) -> TP | F11: ='Verified Matrix'!J8 -> TP | G11: Verified
A12: ='Verified Matrix'!A9 -> TC08 | B12: ='Verified Matrix'!D9 -> Vulnerable | C12: ='Verified Matrix'!F9 -> FN | D12: ='Verified Matrix'!H9 -> FN | E12: =IF(OR(C12="TP",D12="TP"),"TP",IF(B12="Vulnerable","FN",IF(OR(C12="CONTEXT",D12="CONTEXT"),"CONTEXT",IF(OR(C12="FP",D12="FP"),"FP","TN")))) -> FN | F12: ='Verified Matrix'!J9 -> PARTIAL | G12: Verified | H12: Raised 4/4 runs, confirmed 1/4 (PARTIAL).
A13: ='Verified Matrix'!A10 -> TC09 | B13: ='Verified Matrix'!D10 -> Vulnerable | C13: ='Verified Matrix'!F10 -> FN | D13: ='Verified Matrix'!H10 -> FN | E13: =IF(OR(C13="TP",D13="TP"),"TP",IF(B13="Vulnerable","FN",IF(OR(C13="CONTEXT",D13="CONTEXT"),"CONTEXT",IF(OR(C13="FP",D13="FP"),"FP","TN")))) -> FN | F13: ='Verified Matrix'!J10 -> TP | G13: Verified | H13: Only the AI detected it (scanners FN).
A14: ='Verified Matrix'!A11 -> TC10 | B14: ='Verified Matrix'!D11 -> Vulnerable | C14: ='Verified Matrix'!F11 -> TP | D14: ='Verified Matrix'!H11 -> FN | E14: =IF(OR(C14="TP",D14="TP"),"TP",IF(B14="Vulnerable","FN",IF(OR(C14="CONTEXT",D14="CONTEXT"),"CONTEXT",IF(OR(C14="FP",D14="FP"),"FP","TN")))) -> TP | F14: ='Verified Matrix'!J11 -> TP | G14: Verified
A15: ='Verified Matrix'!A12 -> TC11 | B15: ='Verified Matrix'!D12 -> Vulnerable | C15: ='Verified Matrix'!F12 -> TP | D15: ='Verified Matrix'!H12 -> FN | E15: =IF(OR(C15="TP",D15="TP"),"TP",IF(B15="Vulnerable","FN",IF(OR(C15="CONTEXT",D15="CONTEXT"),"CONTEXT",IF(OR(C15="FP",D15="FP"),"FP","TN")))) -> TP | F15: ='Verified Matrix'!J12 -> TP | G15: Verified | H15: Construct not isolated: CKV_AZURE_39 fires on the wildcard alone.
A16: ='Verified Matrix'!A13 -> TC12 | B16: ='Verified Matrix'!D13 -> Legitimate | C16: ='Verified Matrix'!F13 -> TN | D16: ='Verified Matrix'!H13 -> CONTEXT | E16: =IF(OR(C16="TP",D16="TP"),"TP",IF(B16="Vulnerable","FN",IF(OR(C16="CONTEXT",D16="CONTEXT"),"CONTEXT",IF(OR(C16="FP",D16="FP"),"FP","TN")))) -> CONTEXT | F16: ='Verified Matrix'!J13 -> CONTEXT | G16: Verified | H16: Report both readings (decision D2).
A17: TC13 | B17: Vulnerable | C17: FN | D17: FN | E17: =IF(OR(C17="TP",D17="TP"),"TP",IF(B17="Vulnerable","FN",IF(OR(C17="CONTEXT",D17="CONTEXT"),"CONTEXT",IF(OR(C17="FP",D17="FP"),"FP","TN")))) -> FN | F17: TP | G17: Verified | H17: Contributor at subscription vs documented Reader-on-RG need. Checkov 7/0, tfsec 0; AI HIGH 3/3.
A18: TC14 | B18: Secure | C18: TN | D18: TN | E18: =IF(OR(C18="TP",D18="TP"),"TP",IF(B18="Vulnerable","FN",IF(OR(C18="CONTEXT",D18="CONTEXT"),"CONTEXT",IF(OR(C18="FP",D18="FP"),"FP","TN")))) -> TN | F18: TN | G18: Verified | H18: Restricted SSH (remediated TC02). AI: LOW wildcard-destination finding confirmed in run 1; runs 2–3 clean with NEEDS_CONTEXT bastion notes (hidden from PR comment).
A19: TC15 | B19: Vulnerable | C19: FN | D19: FN | E19: =IF(OR(C19="TP",D19="TP"),"TP",IF(B19="Vulnerable","FN",IF(OR(C19="CONTEXT",D19="CONTEXT"),"CONTEXT",IF(OR(C19="FP",D19="FP"),"FP","TN")))) -> FN | F19: TP | G19: Verified | H19: Hard-coded password in variable default. Checkov 7/0 (secrets framework not run), tfsec 0; AI HIGH 3/3.
A22: A. Case level — TC01–TC12 (verified)
A23: Measure | C23: Checkov | D23: tfsec | E23: Scanner union | F23: AI independent | H23: Definition
A24: Vulnerable cases | C24: =COUNTIF($B$5:$B$16,"Vulnerable") -> 10 | D24: =COUNTIF($B$5:$B$16,"Vulnerable") -> 10 | E24: =COUNTIF($B$5:$B$16,"Vulnerable") -> 10 | F24: =COUNTIF($B$5:$B$16,"Vulnerable") -> 10 | H24: Denominator for detection rate
A25: Detected (TP) | C25: =COUNTIFS($B$5:$B$16,"Vulnerable",C$5:C$16,"TP") -> 5 | D25: =COUNTIFS($B$5:$B$16,"Vulnerable",D$5:D$16,"TP") -> 4 | E25: =COUNTIFS($B$5:$B$16,"Vulnerable",E$5:E$16,"TP") -> 8 | F25: =COUNTIFS($B$5:$B$16,"Vulnerable",F$5:F$16,"TP") -> 9 | H25: One detection per case regardless of rule count
A26: Partial (raised, not consistently confirmed) | C26: =COUNTIFS($B$5:$B$16,"Vulnerable",C$5:C$16,"PARTIAL") -> 0 | D26: =COUNTIFS($B$5:$B$16,"Vulnerable",D$5:D$16,"PARTIAL") -> 0 | E26: =COUNTIFS($B$5:$B$16,"Vulnerable",E$5:E$16,"PARTIAL") -> 0 | F26: =COUNTIFS($B$5:$B$16,"Vulnerable",F$5:F$16,"PARTIAL") -> 1 | H26: AI TC08
A27: Missed (FN) | C27: =COUNTIFS($B$5:$B$16,"Vulnerable",C$5:C$16,"FN") -> 5 | D27: =COUNTIFS($B$5:$B$16,"Vulnerable",D$5:D$16,"FN") -> 6 | E27: =COUNTIFS($B$5:$B$16,"Vulnerable",E$5:E$16,"FN") -> 2 | F27: =COUNTIFS($B$5:$B$16,"Vulnerable",F$5:F$16,"FN") -> 0
A28: Detection rate, strict (TP ÷ vulnerable) | C28: =IFERROR(C25/C24,0) -> 0.5 | D28: =IFERROR(D25/D24,0) -> 0.4 | E28: =IFERROR(E25/E24,0) -> 0.8 | F28: =IFERROR(F25/F24,0) -> 0.9 | H28: PARTIAL counted as miss
A29: Detection rate, lenient ((TP + PARTIAL) ÷ vulnerable) | C29: =IFERROR((C25+C26)/C24,0) -> 0.5 | D29: =IFERROR((D25+D26)/D24,0) -> 0.4 | E29: =IFERROR((E25+E26)/E24,0) -> 0.8 | F29: =IFERROR((F25+F26)/F24,0) -> 1 | H29: PARTIAL counted as hit
A30: Non-vulnerable cases (secure + legitimate) | C30: =COUNTIF($B$5:$B$16,"<>Vulnerable") -> 2 | D30: =COUNTIF($B$5:$B$16,"<>Vulnerable") -> 2 | E30: =COUNTIF($B$5:$B$16,"<>Vulnerable") -> 2 | F30: =COUNTIF($B$5:$B$16,"<>Vulnerable") -> 2 | H30: TC01, TC12 (+TC14)
A31: Clean on non-vulnerable (TN) | C31: =COUNTIFS($B$5:$B$16,"<>Vulnerable",C$5:C$16,"TN") -> 2 | D31: =COUNTIFS($B$5:$B$16,"<>Vulnerable",D$5:D$16,"TN") -> 1 | E31: =COUNTIFS($B$5:$B$16,"<>Vulnerable",E$5:E$16,"TN") -> 1 | F31: =COUNTIFS($B$5:$B$16,"<>Vulnerable",F$5:F$16,"TN") -> 1
A32: Flagged non-vulnerable (FP or CONTEXT) | C32: =COUNTIFS($B$5:$B$16,"<>Vulnerable",C$5:C$16,"FP")+COUNTIFS($B$5:$B$16,"<>Vulnerable",C$5:C$16,"CONTEXT") -> 0 | D32: =COUNTIFS($B$5:$B$16,"<>Vulnerable",D$5:D$16,"FP")+COUNTIFS($B$5:$B$16,"<>Vulnerable",D$5:D$16,"CONTEXT") -> 1 | E32: =COUNTIFS($B$5:$B$16,"<>Vulnerable",E$5:E$16,"FP")+COUNTIFS($B$5:$B$16,"<>Vulnerable",E$5:E$16,"CONTEXT") -> 1 | F32: =COUNTIFS($B$5:$B$16,"<>Vulnerable",F$5:F$16,"FP")+COUNTIFS($B$5:$B$16,"<>Vulnerable",F$5:F$16,"CONTEXT") -> 1 | H32: TC12 counted here for tfsec and AI
A35: B. Case level — TC01–TC15
A36: Measure | C36: Checkov | D36: tfsec | E36: Scanner union | F36: AI independent | H36: Definition
A37: Vulnerable cases | C37: =COUNTIF($B$5:$B$19,"Vulnerable") -> 12 | D37: =COUNTIF($B$5:$B$19,"Vulnerable") -> 12 | E37: =COUNTIF($B$5:$B$19,"Vulnerable") -> 12 | F37: =COUNTIF($B$5:$B$19,"Vulnerable") -> 12 | H37: Denominator for detection rate
A38: Detected (TP) | C38: =COUNTIFS($B$5:$B$19,"Vulnerable",C$5:C$19,"TP") -> 5 | D38: =COUNTIFS($B$5:$B$19,"Vulnerable",D$5:D$19,"TP") -> 4 | E38: =COUNTIFS($B$5:$B$19,"Vulnerable",E$5:E$19,"TP") -> 8 | F38: =COUNTIFS($B$5:$B$19,"Vulnerable",F$5:F$19,"TP") -> 11 | H38: One detection per case regardless of rule count
A39: Partial (raised, not consistently confirmed) | C39: =COUNTIFS($B$5:$B$19,"Vulnerable",C$5:C$19,"PARTIAL") -> 0 | D39: =COUNTIFS($B$5:$B$19,"Vulnerable",D$5:D$19,"PARTIAL") -> 0 | E39: =COUNTIFS($B$5:$B$19,"Vulnerable",E$5:E$19,"PARTIAL") -> 0 | F39: =COUNTIFS($B$5:$B$19,"Vulnerable",F$5:F$19,"PARTIAL") -> 1 | H39: AI TC08
A40: Missed (FN) | C40: =COUNTIFS($B$5:$B$19,"Vulnerable",C$5:C$19,"FN") -> 7 | D40: =COUNTIFS($B$5:$B$19,"Vulnerable",D$5:D$19,"FN") -> 8 | E40: =COUNTIFS($B$5:$B$19,"Vulnerable",E$5:E$19,"FN") -> 4 | F40: =COUNTIFS($B$5:$B$19,"Vulnerable",F$5:F$19,"FN") -> 0
A41: Detection rate, strict (TP ÷ vulnerable) | C41: =IFERROR(C38/C37,0) -> 0.41666667 | D41: =IFERROR(D38/D37,0) -> 0.33333333 | E41: =IFERROR(E38/E37,0) -> 0.66666667 | F41: =IFERROR(F38/F37,0) -> 0.91666667 | H41: PARTIAL counted as miss
A42: Detection rate, lenient ((TP + PARTIAL) ÷ vulnerable) | C42: =IFERROR((C38+C39)/C37,0) -> 0.41666667 | D42: =IFERROR((D38+D39)/D37,0) -> 0.33333333 | E42: =IFERROR((E38+E39)/E37,0) -> 0.66666667 | F42: =IFERROR((F38+F39)/F37,0) -> 1 | H42: PARTIAL counted as hit
A43: Non-vulnerable cases (secure + legitimate) | C43: =COUNTIF($B$5:$B$19,"<>Vulnerable") -> 3 | D43: =COUNTIF($B$5:$B$19,"<>Vulnerable") -> 3 | E43: =COUNTIF($B$5:$B$19,"<>Vulnerable") -> 3 | F43: =COUNTIF($B$5:$B$19,"<>Vulnerable") -> 3 | H43: TC01, TC12 (+TC14)
A44: Clean on non-vulnerable (TN) | C44: =COUNTIFS($B$5:$B$19,"<>Vulnerable",C$5:C$19,"TN") -> 3 | D44: =COUNTIFS($B$5:$B$19,"<>Vulnerable",D$5:D$19,"TN") -> 2 | E44: =COUNTIFS($B$5:$B$19,"<>Vulnerable",E$5:E$19,"TN") -> 2 | F44: =COUNTIFS($B$5:$B$19,"<>Vulnerable",F$5:F$19,"TN") -> 2
A45: Flagged non-vulnerable (FP or CONTEXT) | C45: =COUNTIFS($B$5:$B$19,"<>Vulnerable",C$5:C$19,"FP")+COUNTIFS($B$5:$B$19,"<>Vulnerable",C$5:C$19,"CONTEXT") -> 0 | D45: =COUNTIFS($B$5:$B$19,"<>Vulnerable",D$5:D$19,"FP")+COUNTIFS($B$5:$B$19,"<>Vulnerable",D$5:D$19,"CONTEXT") -> 1 | E45: =COUNTIFS($B$5:$B$19,"<>Vulnerable",E$5:E$19,"FP")+COUNTIFS($B$5:$B$19,"<>Vulnerable",E$5:E$19,"CONTEXT") -> 1 | F45: =COUNTIFS($B$5:$B$19,"<>Vulnerable",F$5:F$19,"FP")+COUNTIFS($B$5:$B$19,"<>Vulnerable",F$5:F$19,"CONTEXT") -> 1 | H45: TC12 counted here for tfsec and AI
A48: C. Complementarity — vulnerable cases, TC01–TC15
A49: Detected by Checkov OR tfsec | C49: =SUMPRODUCT(($B$5:$B$19="Vulnerable")*($E$5:$E$19="TP")) -> 8 | H49: Scanner union
A50: Detected by AI (TP) | C50: =SUMPRODUCT(($B$5:$B$19="Vulnerable")*($F$5:$F$19="TP")) -> 11
A51: Detected by AI but by neither scanner | C51: =SUMPRODUCT(($B$5:$B$19="Vulnerable")*($F$5:$F$19="TP")*($E$5:$E$19<>"TP")) -> 3 | H51: TC09, TC13, TC15 (TC08 is PARTIAL)
A52: Detected by a scanner but not by AI (TP) | C52: =SUMPRODUCT(($B$5:$B$19="Vulnerable")*($E$5:$E$19="TP")*($F$5:$F$19<>"TP")) -> 0
A53: Detected by scanners OR AI (any tool) | C53: =SUMPRODUCT(($B$5:$B$19="Vulnerable")*((($E$5:$E$19="TP")+($F$5:$F$19="TP"))>0)) -> 11
A54: Missed by every tool (counting AI PARTIAL as a miss) | C54: =SUMPRODUCT(($B$5:$B$19="Vulnerable")*($E$5:$E$19<>"TP")*($F$5:$F$19<>"TP")) -> 1 | H54: TC08 (AI PARTIAL; scanners FN)
A56: D. AI run level — 46 independent runs
A57: Vulnerable-case runs | C57: =COUNTIF('AI Run Outcomes'!$D$5:$D$50,"Vulnerable") -> 37 | H57: TC02–TC11 (31) + TC13, TC15 (6)
A58: …target CONFIRMED | C58: =COUNTIF('AI Run Outcomes'!$J$5:$J$50,"Y") -> 34 | H58: Misses: TC08 runs 1–3 (FALSE_POSITIVE, NEEDS_CONTEXT ×2)
A59: Run-level detection rate | C59: =C58/C57 -> 0.91891892
A60: Non-vulnerable runs (TC01, TC12, TC14) | C60: =COUNTIF('AI Run Outcomes'!$D$5:$D$50,"<>Vulnerable") -> 9
A61: …with ≥1 confirmed finding (false alarm) | C61: =COUNTIFS('AI Run Outcomes'!$D$5:$D$50,"<>Vulnerable",'AI Run Outcomes'!$E$5:$E$50,">0") -> 3
A62: Run-level false-alarm rate | C62: =C61/C60 -> 0.33333333
A63: Non-vulnerable runs that blocked the gate (DO_NOT_MERGE) | C63: =COUNTIFS('AI Run Outcomes'!$D$5:$D$50,"<>Vulnerable",'AI Run Outcomes'!$L$5:$L$50,"DO_NOT_MERGE") -> 1
A64: All confirmed findings | C64: =COUNTIF('AI Confirmed Findings'!$G$6:$G$59,"<>NONE") -> 45
A65: …TARGET | C65: =COUNTIF('AI Confirmed Findings'!$G$6:$G$59,"TARGET") -> 34
A66: …EXTRA-VALID | C66: =COUNTIF('AI Confirmed Findings'!$G$6:$G$59,"EXTRA-VALID") -> 3
A67: …DUPLICATE | C67: =COUNTIF('AI Confirmed Findings'!$G$6:$G$59,"DUPLICATE") -> 1
A68: …FALSE | C68: =COUNTIF('AI Confirmed Findings'!$G$6:$G$59,"FALSE") -> 7
A69: Precision of confirmed findings ((TARGET + EXTRA-VALID) ÷ all) | C69: =(C65+C66)/C64 -> 0.82222222
A70: Runs with ≥1 FALSE confirmed finding | C70: =COUNTIF('AI Run Outcomes'!$I$5:$I$50,">0") -> 5
A71: Runs that failed output validation | C71: =COUNTIF('AI Confirmed Findings'!$F$6:$F$59,"*failed validation*") -> 1
A73: E. Timing (median seconds, 46 runs) — linked from 'Timing'
A74: Whole job | C74: =Timing!E54 -> 77
A75: Run Checkov (excl. install) | C75: =Timing!G54 -> 6
A76: Install Checkov | C76: =Timing!F54 -> 19.5
A77: Run tfsec | C77: =Timing!H54 -> 1
A78: AI review step | C78: =Timing!I54 -> 31.5
A79: PR opened → all comments posted (PR runs) | C79: =Timing!L54 -> 79
A81: F. Remediation validation (DCR) — linked from 'Remediation Validation'
A82: AI remediations tested | C82: ='Remediation Validation'!F23 -> 12
A83: Target resolved vs ground truth | C83: ='Remediation Validation'!F24 -> 12
A84: Passed fmt + validate | C84: ='Remediation Validation'!F25 -> 12
A85: Confirmed by a scanner that had detected the target | C85: ='Remediation Validation'!F26 -> 8
A86: Scanner blind (could not confirm) | C86: ='Remediation Validation'!F27 -> 4
A87: AI re-review accepted its own fix | C87: ='Remediation Validation'!F28 -> 9
A88: AI rejected its own fix with HIGH (stale comment) | C88: ='Remediation Validation'!F29 -> 2
A89: Variant b (comment corrected): AI accepted, of 3 | C89: ='Remediation Validation'!F30 -> 3
A90: Remediation of a false finding broke validation | C90: ='Remediation Validation'!F31 -> 1

Sheet Evidence Register
A1: Evidence register — every factual claim the dissertation will make, traced to its evidence
A2: Status: Verified = checked against primary evidence; Provisional = depends on TC13–TC15 artefacts or AB's inter-rater check; Pending AB = needs an action from AB. Write-up rule: a claim may appear in the dissertation only if it is here, and Provisional/Pending claims must be re-checked first.
A4: ID | B4: Chapter | C4: Claim | D4: Evidence type | E4: Location | F4: Status | G4: Caveat for the write-up
A5: E01 | B5: Ch3 | C5: The study compares three conditions: A scanners only, B AI only, C hybrid. | D5: Planning document | E5: Project doc 08 Master Plan §3 | F5: Verified | G5: Executed as: scanners + AI INDEPENDENT (A and B in one job) and earlier Condition C runs.
A6: E02 | B6: Ch3 | C6: From 9 Oct 2026 12:47 the workflow default (Condition C) injected normalised scanner findings into the AI prompt via build_scanner_context(). | D6: Repository history | E6: ai-pr-review commit 732083d | F6: Verified | G6: All hybrid results TC01–TC12 come from this period.
A7: E03 | B7: Ch3 | C7: PR #69 (merged 13 Oct 09:59, merge commit 3a79020) made the workflow INDEPENDENT; metadata records scanner_findings_supplied_to_ai = false. | D7: Repository + run metadata | E7: PR #69; branch prom06-evidence: evidence/prom06/independent-runs/<run_id>/experiment-metadata.json | F7: Verified
A8: E04 | B8: Ch3 | C8: Every independent run (46) executed with INDEPENDENT condition and no scanner input to the AI. | D8: Run metadata | E8: branch prom06-evidence: evidence/prom06/independent-runs/ (46 runs, TC13–TC15 artefacts supplied by AB 13 Oct 15:50) | F8: Verified | G8: Metadata lacks the model name (hard-coded in runner).
A9: E05 | B9: Ch3 | C9: Tool configuration: Checkov 3.3.1 (--framework terraform, secrets framework not run), tfsec 1.28.14, AI claude-sonnet-4-6 via API, max_tokens 3000, no temperature set, at most 3 findings, classification policy 2.2. | D9: Code | E9: .github/workflows/terraform.yml; ai/review_runner.py; metadata | F9: Verified | G9: Model name is hard-coded, not recorded in run metadata.
A10: E06 | B10: Ch3 | C10: The AI receives the changed .tf files plus every terraform/*.tf file, ai/prompt.txt, ai/policy.md and README.md. | D10: Code | E10: ai/review_runner.py get_terraform_review_context() (lines 28–64) | F10: Verified
A11: E07 | B11: Ch3 | C11: Only CONFIRMED AI findings appear in the PR comment and the operational score. | D11: Code | E11: ai/review_runner.py format_comment(), calculate_operational_score(); ai/scoring.json | F11: Verified
A12: E08 | B12: Ch3 | C12: Ground truth for TC01–TC12 was documented before tool execution; TC13–TC15 ground truth was committed before their fixtures. | D12: Planning doc + git order | E12: Ground-Truth Matrix / Confluence v72; commit cbda52c precedes 1e87e00, 5a48d73, 049f9c9 | F12: Verified | G12: TC01–TC12 wording revised in Confluence (v72); use v72.
A13: E09 | B13: Ch3 | C13: Independent fixtures TC02–TC12 are byte-identical to the original test-case Terraform; TC01 differs by one comment. | D13: git diff | E13: branches indep-tc01…12 vs original TC commits | F13: Verified
A14: E10 | B14: Ch3 | C14: Each case ran three times on the same commit (TC08 four times, PR run failed). | D14: Run list | E14: branch prom06-evidence: evidence/prom06/independent-runs.tsv; step3/tc13-15-runs.tsv | F14: Verified
A15: E11 | B15: Ch4 | C15: Scanner output was identical across runs and matched a local reproduction with the same versions. | D15: Raw JSON | E15: branch prom06-evidence: evidence/prom06/local-scans/TC01–TC15; independent-runs/*/checkov-results.json, tfsec-results.json | F15: Verified
A16: E12 | B16: Ch4 | C16: Detection (TC01–TC12, 10 vulnerable): Checkov 5, tfsec 4, scanner union 8, AI independent 9 + 1 partial. | D16: Workbook | E16: Metrics block A; Verified Matrix | F16: Verified | G16: Descriptive only; constructed cases.
A17: E13 | B17: Ch4 | C17: Detection (TC01–TC15, 12 vulnerable): Checkov 5, tfsec 4, union 8, AI 11 + 1 partial; AI alone found TC09, TC13, TC15; no scanner-only detection. | D17: Workbook | E17: Metrics blocks B–C | F17: Verified | G17: Descriptive only; constructed cases.
A18: E14 | B18: Ch4 | C18: Checkov did not flag SSH/RDP/HTTP open to 0.0.0.0/0 (TC02–TC04) but CKV_AZURE_10 fails when the source is '*'. | D18: Local probe | E18: branch prom06-evidence: evidence/prom06/step3/probe-tc02-star/ | F18: Verified | G18: Rule value-matching blind spot, not a configuration error.
A19: E15 | B19: Ch4 | C19: TC08: the AI raised the missing NSG diagnostic setting in all four runs but classified it FALSE_POSITIVE (run failed validation), NEEDS_CONTEXT twice and CONFIRMED once. | D19: AI output | E19: branch prom06-evidence: evidence/prom06/independent-runs/38404605125 (ai_raw_response.txt), 38405066857, 38405174844, 38405218950 | F19: Verified | G19: Classification instability, not a detection miss.
A20: E16 | B20: Ch4 | C20: TC12 (legitimate HTTPS) varied across identical runs: blocked (50), LOW tag finding (95), clean (100). | D20: AI output | E20: branch prom06-evidence: evidence/prom06/independent-runs/38404619147, 38405103514, 38405210047 | F20: Verified
A21: E17 | B21: Ch4 | C21: AI run level: target confirmed in 34/37 vulnerable-case runs; false alarm in 3/9 non-vulnerable runs; one gate block. | D21: Workbook | E21: Metrics block D; AI Run Outcomes | F21: Verified
A22: E18 | B22: Ch4 | C22: 45 confirmed AI findings: 34 target, 3 extra-valid, 1 duplicate, 7 false → 82% precision. | D22: Workbook | E22: AI Confirmed Findings (labels by research assistant) | F22: Verified | G22: Labels are the assistant's judgement against ground truth; AB to spot-check the 7 FALSE labels.
A23: E19 | B23: Ch4 | C23: The AI claimed TAG-001 applies to azurerm_role_definition and azurerm_network_security_rule; applying its tag fix failed terraform validate. | D23: AI output + CI run | E23: TC10 runs 1, 3; TC12 runs 1, 2; PR #94 run 38412955313; branch prom06-evidence: evidence/prom06/step3/rem-logs/38412955313-terraform-validate.txt | F23: Verified | G23: Validate error: Unsupported argument — An argument named "tags" is not expected here (tc10_iam.tf line 14).
A24: E20 | B24: Ch4 | C24: AI quality (37 vulnerable-case runs): mean 0–2 scores — see AI Quality Scoring summary (revised 13 Oct); 46 runs scored in total. | D24: Workbook | E24: AI Quality Scoring; Scoring Rules | F24: Verified | G24: Single rubric application by AI assistant; no independent second rater (limitation).
A25: E21 | B25: Ch4 | C25: 9 of 46 runs mapped findings to an inapplicable policy, mostly SEC-001; ai/policy.md has no encryption, IAM or secrets policy. | D25: Workbook + code | E25: AI Quality Scoring col P; ai/policy.md | F25: Verified | G25: Input asymmetry: policy.md is given to the AI only.
A26: E22 | B26: Ch4 | C26: Median timing: job 77 s, AI step 31.5 s, Checkov 6 s (+19.5 s install), tfsec 1 s, PR opened → comments 79 s. | D26: GitHub jobs API | E26: branch prom06-evidence: evidence/prom06/step3/jobs/; Timing sheet | F26: Verified | G26: 1-second resolution; sequential steps.
A27: E23 | B27: Ch4 | C27: Applying each AI fix resolved the target in 12/12 cases and passed fmt/validate; 8 confirmed by the scanner that had flagged the issue. | D27: CI runs + local scans | E27: PRs #85–#97; branch prom06-evidence: evidence/prom06/step3/rem-*; Remediation Validation | F27: Verified | G27: Fixes implemented by the research assistant; one run each.
A28: E24 | B28: Ch4 | C28: With stale 'Deliberately unrestricted' comments, the AI rejected its own TC02/TC03 fixes (HIGH); with only the comment corrected it accepted them. | D28: CI runs | E28: PR #85 vs #98; #86 vs #99 | F28: Verified | G28: Single run per variant.
A29: E25 | B29: Ch4 | C29: The AI quotes in-code 'Ground truth:' comments (TC12 run 3); TC11 fixture contains a similar comment. | D29: AI output + fixture | E29: 38405210047 ai_output.json F-002; indep-tc11 tc11_requirements.tf | F29: Verified | G29: Cueing threat; links to prompt-injection literature.
A30: E26 | B30: Ch4 | C30: A PR that only deletes .tf files is not reviewed by the AI. | D30: Code + CI run | E30: review_runner.py (is_file filter); PR #93 AI comment | F30: Verified | G30: Deletion-only changes bypass AI review.
A31: E27 | B31: Ch4 | C31: Hybrid (Condition C) AI detected 10/10 vulnerable cases while citing scanner rule IDs; TC01 hybrid result is unverified. | D31: PR comments | E31: Hybrid Runs (Condition C); PRs #46, #55–#68 | F31: Verified | G31: Not comparable with independent results: scanner-informed.
A32: E28 | B32: Ch4 | C32: Hybrid severities were higher than independent (SSH/RDP CRITICAL vs HIGH); TC10 hybrid gave 2×CRITICAL then 1×HIGH on the same commit. | D32: PR comments | E32: PRs #56, #57, #66 vs #71, #72, #79 | F32: Verified
A33: E29 | B33: Ch5 | C33: The TC01 baseline and prompt were changed after early AI findings (PR #46 → #47–#54). | D33: Repository history | E33: PRs #46–#55 | F33: Verified | G33: Circularity threat.
A34: E30 | B34: Ch5 | C34: TC07 is not single-variable: Checkov fails 10 unrelated storage checks. | D34: Raw JSON | E34: branch prom06-evidence: evidence/prom06/local-scans/TC07/checkov.json | F34: Verified
A35: E31 | B35: Ch5 | C35: TC11 construct not isolated: CKV_AZURE_39 fires on the wildcard alone. | D35: Raw JSON | E35: branch prom06-evidence: evidence/prom06/local-scans/TC11 | F35: Verified
A36: E32 | B36: Ch5 | C36: The AI quality scorer was an AI assistant that had read the outputs before writing operational rules. | D36: Process record | E36: Scoring Rules sheet | F36: Verified | G36: Disclose; no inter-rater check performed (AB decision, 13 Oct).
A37: E33 | B37: Ch5 | C37: The Confluence evidence page calls the Condition C AI results 'independent' and labels TC11 as Condition B. | D37: Confluence | E37: Page 131215 v72 | F37: Verified | G37: Page left unchanged at AB's decision; explain in Ch5 if relevant.
A38: E34 | B38: Ch5 | C38: Submission deadline 26 Oct 2026 23:59. | D38: Canvas export | E38: Project doc 11 | F38: Verified | G38: From Canvas export; AB chose not to re-check live Canvas (13 Oct).
A39: E36 | B39: Ch4 | C39: Explanations overstated technical facts in some runs: Contributor described as able to change role assignments (TC13 runs 2–3, contradicted by Microsoft's role definition); an unreferenced local said to be present in state now (TC09 run 2). | D39: AI output + vendor docs | E39: branch prom06-evidence: evidence/prom06/independent-runs/38409804722, 38409830032, 38405075984; Microsoft Learn Azure built-in roles (Contributor NotActions) | F39: Verified | G39: Conditional state-exposure claims (TC09 runs 1, 3; TC15 run 2) are consistent with HashiCorp guidance and were not penalised.
A40: E37 | B40: Ch4 | C40: With its secrets framework enabled, Checkov flags the TC09 string as high-entropy (CKV_SECRET_6) but not the readable password in TC15. | D40: Local probe | E40: branch prom06-evidence: evidence/prom06/step3/probe-secrets/ | F40: Verified | G40: Probe outside the experimental configuration (pipeline runs --framework terraform only).
A41: E35 | B41: Ch3 | C41: No test PR was merged and the experimental workflow contains no terraform apply step. | D41: GitHub PR state + workflow | E41: Test PRs #56–#68 and #70–#100 unmerged (PR #69, the workflow change, was merged); .github/workflows/terraform.yml | F41: Verified | G41: A Terraform Cloud check also ran on PRs (speculative plan, to confirm); close PRs unmerged after sign-off.

Sheet Figures & Tables
A1: Planned figures, screenshots, tables and appendices (provisional numbering)
A2: Figures F* are rendered at 300 dpi from this workbook by scripts in the evidence branch. Screenshots S* must be captured by AB from GitHub (the assistant cannot screenshot web pages). Excluded from the word count per the brief.
A4: Kind | B4: No. | C4: Chapter | D4: Content | E4: Source | F4: Status | G4: Note
A5: Figure | B5: F3.1 | C5: Ch3 | D5: Experimental pipeline and conditions | E5: figures/fig_architecture.png (Graphviz source .dot) | F5: Ready | G5: Shows Condition C injection path.
A6: Figure | B6: F4.1 | C6: Ch4 | D6: Detection outcome by case and tool (TC01–TC15) | E6: figures/fig_detection_matrix.png | F6: Ready
A7: Figure | B7: F4.2 | C7: Ch4 | D7: Detection rate by tool, two case sets | E7: figures/fig_detection_rates.png | F7: Ready
A8: Figure | B8: F4.3 | C8: Ch4 | D8: AI explanation/remediation quality by rubric dimension | E8: figures/fig_ai_quality.png | F8: Ready
A9: Figure | B9: F4.4 | C9: Ch4 | D9: Median pipeline timings | E9: figures/fig_timing.png | F9: Ready
A10: Figure | B10: F4.5 | C10: Ch4 | D10: Remediation validation outcomes | E10: figures/fig_remediation.png | F10: Ready
A11: Screenshot | B11: S1 | C11: Ch4 | D11: PR #71 (TC02): Checkov clean vs tfsec and AI findings | E11: GitHub PR page | F11: Pending AB
A12: Screenshot | B12: S2 | C12: Ch4 | D12: PR #78 (TC09): AI-only detection of an embedded secret | E12: GitHub PR page | F12: Pending AB
A13: Screenshot | B13: S3 | C13: Ch4 | D13: PR #77 (TC08): failed run / validation rejection | E13: GitHub Actions run 38404605125 | F13: Pending AB
A14: Screenshot | B14: S4 | C14: Ch4 | D14: PR #81 (TC12): block on legitimate HTTPS (run 1) | E14: GitHub PR page | F14: Pending AB
A15: Screenshot | B15: S5 | C15: Ch4 | D15: PRs #82 and #84 (TC13, TC15): AI-only detections | E15: GitHub PR pages | F15: Pending AB
A16: Screenshot | B16: S6 | C16: Ch4 | D16: PR #85 vs #98: stale comment changes the AI verdict | E16: GitHub PR pages | F16: Pending AB
A17: Screenshot | B17: S7 | C17: Ch4 | D17: PR #94: AI tag fix fails terraform validate | E17: GitHub Actions run 38412955313 (log text already archived) | F17: Pending AB | G17: Optional: log text can be shown as a code listing instead.
A18: Screenshot | B18: S8 | C18: Ch3 | D18: Run summary page showing uploaded artefacts | E18: Any independent run | F18: Pending AB
A19: Table | B19: T3.1 | C19: Ch3 | D19: Test cases TC01–TC15 with ground truth and purpose | E19: Confluence v72; ground-truth/TC13-TC15 | F19: To produce
A20: Table | B20: T3.2 | C20: Ch3 | D20: Tool versions and configuration | E20: E05, E06 | F20: To produce
A21: Table | B21: T3.3 | C21: Ch3 | D21: Classification codes and normalisation rules | E21: Verified Matrix README; Decisions & Caveats | F21: To produce
A22: Table | B22: T3.4 | C22: Ch3 | D22: Remediation-quality rubric with operational rules | E22: Scoring Rules | F22: To produce
A23: Table | B23: T4.1 | C23: Ch4 | D23: Case-level detection metrics | E23: Metrics A–C | F23: To produce
A24: Table | B24: T4.2 | C24: Ch4 | D24: AI run-level metrics and confirmed-finding precision | E24: Metrics D | F24: To produce
A25: Table | B25: T4.3 | C25: Ch4 | D25: False confirmed AI findings (7) with explanation | E25: AI Confirmed Findings | F25: To produce
A26: Table | B26: T4.4 | C26: Ch4 | D26: Remediation validation by case | E26: Remediation Validation | F26: To produce
A27: Table | B27: T4.5 | C27: Ch4 | D27: Independent vs hybrid AI (TC01–TC12) | E27: Hybrid Runs; Verified Matrix | F27: To produce
A28: Table | B28: T5.1 | C28: Ch5 | D28: Threats to validity and mitigations | E28: E29–E33, Decisions & Caveats | F28: To produce
A29: Appendix | B29: App A | C29: — | D29: Evidence index (branch, paths, run IDs, PRs) | E29: This register + evidence README | F29: To produce
... A33: Appendix | B33: App E | C33: — | D33: Project management record | E33: Project doc 07 (PROM05 plan) + actual timeline | F33: To produce

Sheet Independent AI Runs
A1: Test case | B1: PR | C1: Run ID | D1: Event | E1: Started (UTC) | F1: Commit | G1: Condition (metadata) | H1: Scanner findings supplied to AI | I1: AI output status | J1: Confirmed findings | K1: Other findings (not in PR comment) | L1: Operational score | M1: Verdict
A2: TC01 | B2: 70 | C2: 38404582550 | D2: pull_request | E2: 2026-10-13 13:23:46 | F2: 92ab884 | G2: INDEPENDENT | H2: FALSE | I2: parsed | J2: none | K2: FALSE_POSITIVE · INFORMATIONAL · Private DNS zone name extraction via split() index — plausible concern, not a defect | L2: 100 | M2: APPROVE
A3: TC01 | B3: 70 | C3: 38405003190 | D3: workflow_dispatch | E3: 2026-10-13 13:26:53 | F3: 92ab884 | G3: INDEPENDENT | H3: FALSE | I3: parsed | J3: none | K3: none | L3: 100 | M3: APPROVE
A4: TC01 | B4: 70 | C4: 38405111880 | D4: workflow_dispatch | E4: 2026-10-13 13:27:41 | F4: 92ab884 | G4: INDEPENDENT | H4: FALSE | I4: parsed | J4: none | K4: FALSE_POSITIVE · INFORMATIONAL · NSG deny-all outbound rule may be flagged as redundant by scanners FALSE_POSITIVE · INFORMATIONAL · DDoS Protection Standard not enabled — inapplicable to research workload FALSE_POSITIVE · INFORMATIONAL · Subnet NSG association is correctly configured | L4: 100 | M4: APPROVE
A5: TC02 | B5: 71 | C5: 38404584887 | D5: pull_request | E5: 2026-10-13 13:23:46 | F5: 3eda6f7 | G5: INDEPENDENT | H5: FALSE | I5: parsed | J5: HIGH · SECURITY_VULNERABILITY · Unrestricted inbound SSH access permitted from any source address | K5: none | L5: 70 | M5: APPROVE_WITH_COMMENTS
A6: TC02 | B6: 71 | C6: 38405012851 | D6: workflow_dispatch | E6: 2026-10-13 13:26:59 | F6: 3eda6f7 | G6: INDEPENDENT | H6: FALSE | I6: parsed | J6: HIGH · SECURITY_VULNERABILITY · Inbound SSH (port 22) permitted from any source address (0.0.0.0/0) | K6: none | L6: 70 | M6: APPROVE_WITH_COMMENTS
A7: TC02 | B7: 71 | C7: 38405121064 | D7: workflow_dispatch | E7: 2026-10-13 13:27:45 | F7: 3eda6f7 | G7: INDEPENDENT | H7: FALSE | I7: parsed | J7: HIGH · SECURITY_VULNERABILITY · NSG permits inbound SSH (TCP/22) from any source (0.0.0.0/0) | K7: none | L7: 70 | M7: APPROVE_WITH_COMMENTS
A8: TC03 | B8: 72 | C8: 38404589228 | D8: pull_request | E8: 2026-10-13 13:23:47 | F8: 27789d9 | G8: INDEPENDENT | H8: FALSE | I8: parsed | J8: HIGH · SECURITY_VULNERABILITY · RDP (TCP/3389) publicly accessible from any source address | K8: none | L8: 70 | M8: APPROVE_WITH_COMMENTS
A9: TC03 | B9: 72 | C9: 38405022162 | D9: workflow_dispatch | E9: 2026-10-13 13:27:00 | F9: 27789d9 | G9: INDEPENDENT | H9: FALSE | I9: parsed | J9: HIGH · SECURITY_VULNERABILITY · Unrestricted inbound RDP (port 3389) permitted from 0.0.0.0/0 | K9: none | L9: 70 | M9: APPROVE_WITH_COMMENTS
A10: TC03 | B10: 72 | C10: 38405130215 | D10: workflow_dispatch | E10: 2026-10-13 13:27:48 | F10: 27789d9 | G10: INDEPENDENT | H10: FALSE | I10: parsed | J10: HIGH · SECURITY_VULNERABILITY · Unrestricted inbound RDP access from any source (0.0.0.0/0) on port 3389 HIGH · POLICY_OR_COMPLIANCE · SEC-001 violation: public RDP exposure without documented policy justification | K10: none | L10: 40 | M10: DO_NOT_MERGE
A11: TC04 | B11: 73 | C11: 38404592498 | D11: pull_request | E11: 2026-10-13 13:23:50 | F11: cbc6855 | G11: INDEPENDENT | H11: FALSE | I11: parsed | J11: HIGH · SECURITY_VULNERABILITY · Unrestricted inbound HTTP (TCP/80) permitted from any source via NSG rule | K11: none | L11: 70 | M11: APPROVE_WITH_COMMENTS
A12: TC04 | B12: 73 | C12: 38405031009 | D12: workflow_dispatch | E12: 2026-10-13 13:27:06 | F12: cbc6855 | G12: INDEPENDENT | H12: FALSE | I12: parsed | J12: HIGH · SECURITY_VULNERABILITY · NSG allows unrestricted inbound HTTP (TCP/80) from any IPv4 address | K12: none | L12: 70 | M12: APPROVE_WITH_COMMENTS
A13: TC04 | B13: 73 | C13: 38405139458 | D13: workflow_dispatch | E13: 2026-10-13 13:27:53 | F13: cbc6855 | G13: INDEPENDENT | H13: FALSE | I13: parsed | J13: HIGH · SECURITY_VULNERABILITY · NSG rule permits unrestricted inbound HTTP (TCP/80) from any IPv4 source | K13: none | L13: 70 | M13: APPROVE_WITH_COMMENTS
... A22: TC07 | B22: 76 | C22: 38405166219 | D22: workflow_dispatch | E22: 2026-10-13 13:28:05 | F22: b6e93b7 | G22: INDEPENDENT | H22: FALSE | I22: parsed | J22: HIGH · SECURITY_VULNERABILITY · Storage account permits deprecated TLS 1.0 connections LOW · POLICY_OR_COMPLIANCE · Storage account missing mandatory tags: owner and cost-center | K22: NEEDS_CONTEXT · HIGH · Storage account may be publicly accessible with no network restriction | L22: 65 | M22: DO_NOT_MERGE
A23: TC08 | B23: 77 | C23: 38404605125 | D23: pull_request | E23: 2026-10-13 13:23:55 | F23: c86e4d5 | G23: INDEPENDENT | H23: FALSE | I23: AI step failed | J23: — | K23: Output rejected by validator: FALSE_POSITIVE/INFORMATIONAL 'No azurerm_monitor_diagnostic_setting configured for the NSG' with a policy mapping to a non-confirmed finding | L23: — | M23: —
A24: TC08 | B24: 77 | C24: 38405066857 | D24: workflow_dispatch | E24: 2026-10-13 13:27:23 | F24: c86e4d5 | G24: INDEPENDENT | H24: FALSE | I24: parsed | J24: none | K24: NEEDS_CONTEXT · MEDIUM · No diagnostic setting configured for the NSG resource FALSE_POSITIVE · INFORMATIONAL · Explicit outbound deny rule is intentional defense-in-depth, not redundant FALSE_POSITIVE · INFORMATIONAL · Private-only Log Analytics access is intentional; no client workload in TC01 scope | L24: 100 | M24: APPROVE
A25: TC08 | B25: 77 | C25: 38405174844 | D25: workflow_dispatch | E25: 2026-10-13 13:28:07 | F25: c86e4d5 | G25: INDEPENDENT | H25: FALSE | I25: parsed | J25: none | K25: NEEDS_CONTEXT · MEDIUM · No azurerm_monitor_diagnostic_setting configured for the NSG resource | L25: 100 | M25: APPROVE
A26: TC08 | B26: 77 | C26: 38405218950 | D26: workflow_dispatch | E26: 2026-10-13 13:28:40 | F26: c86e4d5 | G26: INDEPENDENT | H26: FALSE | I26: parsed | J26: MEDIUM · POLICY_OR_COMPLIANCE · No diagnostic setting configured to forward NSG logs to Log Analytics | K26: none | L26: 85 | M26: APPROVE
A27: TC09 | B27: 78 | C27: 38404607277 | D27: pull_request | E27: 2026-10-13 13:23:54 | F27: 277a730 | G27: INDEPENDENT | H27: FALSE | I27: parsed | J27: MEDIUM · SECURITY_VULNERABILITY · Hardcoded secret value embedded in Terraform local in source-controlled file | K27: none | L27: 85 | M27: APPROVE
A28: TC09 | B28: 78 | C28: 38405075984 | D28: workflow_dispatch | E28: 2026-10-13 13:27:28 | F28: 277a730 | G28: INDEPENDENT | H28: FALSE | I28: parsed | J28: MEDIUM · SECURITY_VULNERABILITY · Hardcoded credential-shaped string stored as a plaintext Terraform local in source control | K28: none | L28: 85 | M28: APPROVE
A29: TC09 | B29: 78 | C29: 38405183161 | D29: workflow_dispatch | E29: 2026-10-13 13:28:12 | F29: 277a730 | G29: INDEPENDENT | H29: FALSE | I29: parsed | J29: MEDIUM · SECURITY_VULNERABILITY · Hardcoded secret-like string embedded in Terraform local value | K29: none | L29: 85 | M29: APPROVE
A30: TC10 | B30: 79 | C30: 38404612132 | D30: pull_request | E30: 2026-10-13 13:23:59 | F30: bd8a61f | G30: INDEPENDENT | H30: FALSE | I30: parsed | J30: HIGH · SECURITY_VULNERABILITY · Custom role definition grants unrestricted wildcard ('*') permissions at subscription scope LOW · POLICY_OR_COMPLIANCE · Custom role definition is missing mandatory tags required by TAG-001 | K30: none | L30: 65 | M30: DO_NOT_MERGE
A31: TC10 | B31: 79 | C31: 38405084901 | D31: workflow_dispatch | E31: 2026-10-13 13:27:31 | F31: bd8a61f | G31: INDEPENDENT | H31: FALSE | I31: parsed | J31: HIGH · SECURITY_VULNERABILITY · Custom role definition grants wildcard (*) permissions at subscription scope | K31: none | L31: 70 | M31: APPROVE_WITH_COMMENTS
A32: TC10 | B32: 79 | C32: 38405192342 | D32: workflow_dispatch | E32: 2026-10-13 13:28:16 | F32: bd8a61f | G32: INDEPENDENT | H32: FALSE | I32: parsed | J32: HIGH · SECURITY_VULNERABILITY · Subscription-scoped wildcard role definition grants unrestricted ARM permissions LOW · POLICY_OR_COMPLIANCE · Custom role definition missing mandatory tags required by TAG-001 | K32: none | L32: 65 | M32: DO_NOT_MERGE
A33: TC11 | B33: 80 | C33: 38404613836 | D33: pull_request | E33: 2026-10-13 13:23:57 | F33: 3dd9a04 | G33: INDEPENDENT | H33: FALSE | I33: parsed | J33: HIGH · SECURITY_VULNERABILITY · Custom RBAC role grants wildcard (*) permissions at subscription scope, violating least privilege | K33: none | L33: 70 | M33: APPROVE_WITH_COMMENTS
A34: TC11 | B34: 80 | C34: 38405093864 | D34: workflow_dispatch | E34: 2026-10-13 13:27:32 | F34: 3dd9a04 | G34: INDEPENDENT | H34: FALSE | I34: parsed | J34: HIGH · SECURITY_VULNERABILITY · Custom role grants wildcard subscription-scope permissions far exceeding documented task requirements | K34: none | L34: 70 | M34: APPROVE_WITH_COMMENTS
A35: TC11 | B35: 80 | C35: 38405200842 | D35: workflow_dispatch | E35: 2026-10-13 13:28:23 | F35: 3dd9a04 | G35: INDEPENDENT | H35: FALSE | I35: parsed | J35: HIGH · SECURITY_VULNERABILITY · Custom role definition grants wildcard subscription-scope permissions far exceeding documented task requirements | K35: none | L35: 70 | M35: APPROVE_WITH_COMMENTS
... A38: TC12 | B38: 81 | C38: 38405210047 | D38: workflow_dispatch | E38: 2026-10-13 13:28:25 | F38: 9cee1fe | G38: INDEPENDENT | H38: FALSE | I38: parsed | J38: none | K38: NEEDS_CONTEXT · MEDIUM · AllowPublicHTTPS-TC12 rule uses wildcard destination address prefix FALSE_POSITIVE · INFORMATIONAL · Public inbound HTTPS rule is explicitly justified — not a SEC-001 violation FALSE_POSITIVE · INFORMATIONAL · azurerm_network_security_rule does not support tags — TAG-001 not applicable | L38: 100 | M38: APPROVE
A40: Source: experiment-metadata.json and ai_output.json in each prom06-INDEPENDENT-<run_id> artifact (downloaded by AB, 13 Oct 2026). Model: claude-sonnet-4-6 (hard-coded in ai/review_runner.py; not recorded in metadata); no temperature set.

Sheet AI Run Outcomes
A1: AI independent condition — one row per run (46 runs)
A2: Counts (black) are formulas over 'AI Confirmed Findings'. Score/decision: TC01–TC12 linked from 'Independent AI Runs' (green); TC13–TC15 typed from ai_output.json operational_score and verdict in the run artefacts (blue).
A4: TC | B4: Run | C4: Run ID | D4: Case type | E4: Confirmed findings | F4: TARGET | G4: EXTRA-VALID | H4: DUPLICATE | I4: FALSE | J4: Target confirmed? | K4: Operational score | L4: Decision
A5: TC01 | B5: 1 | C5: 38404582550 | D5: Secure | E5: =COUNTIFS('AI Confirmed Findings'!$C$6:$C$59,C5,'AI Confirmed Findings'!$G$6:$G$59,"<>NONE") -> 0 | F5: =COUNTIFS('AI Confirmed Findings'!$C$6:$C$59,C5,'AI Confirmed Findings'!$G$6:$G$59,"TARGET") -> 0 | G5: =COUNTIFS('AI Confirmed Findings'!$C$6:$C$59,C5,'AI Confirmed Findings'!$G$6:$G$59,"EXTRA-VALID") -> 0 | H5: =COUNTIFS('AI Confirmed Findings'!$C$6:$C$59,C5,'AI Confirmed Findings'!$G$6:$G$59,"DUPLICATE") -> 0 | I5: =COUNTIFS('AI Confirmed Findings'!$C$6:$C$59,C5,'AI Confirmed Findings'!$G$6:$G$59,"FALSE") -> 0 | J5: =IF(D5="Vulnerable",IF(F5>0,"Y","N"),"n/a") -> n/a | K5: ='Independent AI Runs'!L2 -> 100 | L5: ='Independent AI Runs'!M2 -> APPROVE
A6: TC01 | B6: 2 | C6: 38405003190 | D6: Secure | E6: =COUNTIFS('AI Confirmed Findings'!$C$6:$C$59,C6,'AI Confirmed Findings'!$G$6:$G$59,"<>NONE") -> 0 | F6: =COUNTIFS('AI Confirmed Findings'!$C$6:$C$59,C6,'AI Confirmed Findings'!$G$6:$G$59,"TARGET") -> 0 | G6: =COUNTIFS('AI Confirmed Findings'!$C$6:$C$59,C6,'AI Confirmed Findings'!$G$6:$G$59,"EXTRA-VALID") -> 0 | H6: =COUNTIFS('AI Confirmed Findings'!$C$6:$C$59,C6,'AI Confirmed Findings'!$G$6:$G$59,"DUPLICATE") -> 0 | I6: =COUNTIFS('AI Confirmed Findings'!$C$6:$C$59,C6,'AI Confirmed Findings'!$G$6:$G$59,"FALSE") -> 0 | J6: =IF(D6="Vulnerable",IF(F6>0,"Y","N"),"n/a") -> n/a | K6: ='Independent AI Runs'!L3 -> 100 | L6: ='Independent AI Runs'!M3 -> APPROVE
A7: TC01 | B7: 3 | C7: 38405111880 | D7: Secure | E7: =COUNTIFS('AI Confirmed Findings'!$C$6:$C$59,C7,'AI Confirmed Findings'!$G$6:$G$59,"<>NONE") -> 0 | F7: =COUNTIFS('AI Confirmed Findings'!$C$6:$C$59,C7,'AI Confirmed Findings'!$G$6:$G$59,"TARGET") -> 0 | G7: =COUNTIFS('AI Confirmed Findings'!$C$6:$C$59,C7,'AI Confirmed Findings'!$G$6:$G$59,"EXTRA-VALID") -> 0 | H7: =COUNTIFS('AI Confirmed Findings'!$C$6:$C$59,C7,'AI Confirmed Findings'!$G$6:$G$59,"DUPLICATE") -> 0 | I7: =COUNTIFS('AI Confirmed Findings'!$C$6:$C$59,C7,'AI Confirmed Findings'!$G$6:$G$59,"FALSE") -> 0 | J7: =IF(D7="Vulnerable",IF(F7>0,"Y","N"),"n/a") -> n/a | K7: ='Independent AI Runs'!L4 -> 100 | L7: ='Independent AI Runs'!M4 -> APPROVE
A8: TC02 | B8: 1 | C8: 38404584887 | D8: Vulnerable | E8: =COUNTIFS('AI Confirmed Findings'!$C$6:$C$59,C8,'AI Confirmed Findings'!$G$6:$G$59,"<>NONE") -> 1 | F8: =COUNTIFS('AI Confirmed Findings'!$C$6:$C$59,C8,'AI Confirmed Findings'!$G$6:$G$59,"TARGET") -> 1 | G8: =COUNTIFS('AI Confirmed Findings'!$C$6:$C$59,C8,'AI Confirmed Findings'!$G$6:$G$59,"EXTRA-VALID") -> 0 | H8: =COUNTIFS('AI Confirmed Findings'!$C$6:$C$59,C8,'AI Confirmed Findings'!$G$6:$G$59,"DUPLICATE") -> 0 | I8: =COUNTIFS('AI Confirmed Findings'!$C$6:$C$59,C8,'AI Confirmed Findings'!$G$6:$G$59,"FALSE") -> 0 | J8: =IF(D8="Vulnerable",IF(F8>0,"Y","N"),"n/a") -> Y | K8: ='Independent AI Runs'!L5 -> 70 | L8: ='Independent AI Runs'!M5 -> APPROVE_WITH_COMMENTS
A9: TC02 | B9: 2 | C9: 38405012851 | D9: Vulnerable | E9: =COUNTIFS('AI Confirmed Findings'!$C$6:$C$59,C9,'AI Confirmed Findings'!$G$6:$G$59,"<>NONE") -> 1 | F9: =COUNTIFS('AI Confirmed Findings'!$C$6:$C$59,C9,'AI Confirmed Findings'!$G$6:$G$59,"TARGET") -> 1 | G9: =COUNTIFS('AI Confirmed Findings'!$C$6:$C$59,C9,'AI Confirmed Findings'!$G$6:$G$59,"EXTRA-VALID") -> 0 | H9: =COUNTIFS('AI Confirmed Findings'!$C$6:$C$59,C9,'AI Confirmed Findings'!$G$6:$G$59,"DUPLICATE") -> 0 | I9: =COUNTIFS('AI Confirmed Findings'!$C$6:$C$59,C9,'AI Confirmed Findings'!$G$6:$G$59,"FALSE") -> 0 | J9: =IF(D9="Vulnerable",IF(F9>0,"Y","N"),"n/a") -> Y | K9: ='Independent AI Runs'!L6 -> 70 | L9: ='Independent AI Runs'!M6 -> APPROVE_WITH_COMMENTS
A10: TC02 | B10: 3 | C10: 38405121064 | D10: Vulnerable | E10: =COUNTIFS('AI Confirmed Findings'!$C$6:$C$59,C10,'AI Confirmed Findings'!$G$6:$G$59,"<>NONE") -> 1 | F10: =COUNTIFS('AI Confirmed Findings'!$C$6:$C$59,C10,'AI Confirmed Findings'!$G$6:$G$59,"TARGET") -> 1 | G10: =COUNTIFS('AI Confirmed Findings'!$C$6:$C$59,C10,'AI Confirmed Findings'!$G$6:$G$59,"EXTRA-VALID") -> 0 | H10: =COUNTIFS('AI Confirmed Findings'!$C$6:$C$59,C10,'AI Confirmed Findings'!$G$6:$G$59,"DUPLICATE") -> 0 | I10: =COUNTIFS('AI Confirmed Findings'!$C$6:$C$59,C10,'AI Confirmed Findings'!$G$6:$G$59,"FALSE") -> 0 | J10: =IF(D10="Vulnerable",IF(F10>0,"Y","N"),"n/a") -> Y | K10: ='Independent AI Runs'!L7 -> 70 | L10: ='Independent AI Runs'!M7 -> APPROVE_WITH_COMMENTS
A11: TC03 | B11: 1 | C11: 38404589228 | D11: Vulnerable | E11: =COUNTIFS('AI Confirmed Findings'!$C$6:$C$59,C11,'AI Confirmed Findings'!$G$6:$G$59,"<>NONE") -> 1 | F11: =COUNTIFS('AI Confirmed Findings'!$C$6:$C$59,C11,'AI Confirmed Findings'!$G$6:$G$59,"TARGET") -> 1 | G11: =COUNTIFS('AI Confirmed Findings'!$C$6:$C$59,C11,'AI Confirmed Findings'!$G$6:$G$59,"EXTRA-VALID") -> 0 | H11: =COUNTIFS('AI Confirmed Findings'!$C$6:$C$59,C11,'AI Confirmed Findings'!$G$6:$G$59,"DUPLICATE") -> 0 | I11: =COUNTIFS('AI Confirmed Findings'!$C$6:$C$59,C11,'AI Confirmed Findings'!$G$6:$G$59,"FALSE") -> 0 | J11: =IF(D11="Vulnerable",IF(F11>0,"Y","N"),"n/a") -> Y | K11: ='Independent AI Runs'!L8 -> 70 | L11: ='Independent AI Runs'!M8 -> APPROVE_WITH_COMMENTS
A12: TC03 | B12: 2 | C12: 38405022162 | D12: Vulnerable | E12: =COUNTIFS('AI Confirmed Findings'!$C$6:$C$59,C12,'AI Confirmed Findings'!$G$6:$G$59,"<>NONE") -> 1 | F12: =COUNTIFS('AI Confirmed Findings'!$C$6:$C$59,C12,'AI Confirmed Findings'!$G$6:$G$59,"TARGET") -> 1 | G12: =COUNTIFS('AI Confirmed Findings'!$C$6:$C$59,C12,'AI Confirmed Findings'!$G$6:$G$59,"EXTRA-VALID") -> 0 | H12: =COUNTIFS('AI Confirmed Findings'!$C$6:$C$59,C12,'AI Confirmed Findings'!$G$6:$G$59,"DUPLICATE") -> 0 | I12: =COUNTIFS('AI Confirmed Findings'!$C$6:$C$59,C12,'AI Confirmed Findings'!$G$6:$G$59,"FALSE") -> 0 | J12: =IF(D12="Vulnerable",IF(F12>0,"Y","N"),"n/a") -> Y | K12: ='Independent AI Runs'!L9 -> 70 | L12: ='Independent AI Runs'!M9 -> APPROVE_WITH_COMMENTS
A13: TC03 | B13: 3 | C13: 38405130215 | D13: Vulnerable | E13: =COUNTIFS('AI Confirmed Findings'!$C$6:$C$59,C13,'AI Confirmed Findings'!$G$6:$G$59,"<>NONE") -> 2 | F13: =COUNTIFS('AI Confirmed Findings'!$C$6:$C$59,C13,'AI Confirmed Findings'!$G$6:$G$59,"TARGET") -> 1 | G13: =COUNTIFS('AI Confirmed Findings'!$C$6:$C$59,C13,'AI Confirmed Findings'!$G$6:$G$59,"EXTRA-VALID") -> 0 | H13: =COUNTIFS('AI Confirmed Findings'!$C$6:$C$59,C13,'AI Confirmed Findings'!$G$6:$G$59,"DUPLICATE") -> 1 | I13: =COUNTIFS('AI Confirmed Findings'!$C$6:$C$59,C13,'AI Confirmed Findings'!$G$6:$G$59,"FALSE") -> 0 | J13: =IF(D13="Vulnerable",IF(F13>0,"Y","N"),"n/a") -> Y | K13: ='Independent AI Runs'!L10 -> 40 | L13: ='Independent AI Runs'!M10 -> DO_NOT_MERGE
A14: TC04 | B14: 1 | C14: 38404592498 | D14: Vulnerable | E14: =COUNTIFS('AI Confirmed Findings'!$C$6:$C$59,C14,'AI Confirmed Findings'!$G$6:$G$59,"<>NONE") -> 1 | F14: =COUNTIFS('AI Confirmed Findings'!$C$6:$C$59,C14,'AI Confirmed Findings'!$G$6:$G$59,"TARGET") -> 1 | G14: =COUNTIFS('AI Confirmed Findings'!$C$6:$C$59,C14,'AI Confirmed Findings'!$G$6:$G$59,"EXTRA-VALID") -> 0 | H14: =COUNTIFS('AI Confirmed Findings'!$C$6:$C$59,C14,'AI Confirmed Findings'!$G$6:$G$59,"DUPLICATE") -> 0 | I14: =COUNTIFS('AI Confirmed Findings'!$C$6:$C$59,C14,'AI Confirmed Findings'!$G$6:$G$59,"FALSE") -> 0 | J14: =IF(D14="Vulnerable",IF(F14>0,"Y","N"),"n/a") -> Y | K14: ='Independent AI Runs'!L11 -> 70 | L14: ='Independent AI Runs'!M11 -> APPROVE_WITH_COMMENTS
A15: TC04 | B15: 2 | C15: 38405031009 | D15: Vulnerable | E15: =COUNTIFS('AI Confirmed Findings'!$C$6:$C$59,C15,'AI Confirmed Findings'!$G$6:$G$59,"<>NONE") -> 1 | F15: =COUNTIFS('AI Confirmed Findings'!$C$6:$C$59,C15,'AI Confirmed Findings'!$G$6:$G$59,"TARGET") -> 1 | G15: =COUNTIFS('AI Confirmed Findings'!$C$6:$C$59,C15,'AI Confirmed Findings'!$G$6:$G$59,"EXTRA-VALID") -> 0 | H15: =COUNTIFS('AI Confirmed Findings'!$C$6:$C$59,C15,'AI Confirmed Findings'!$G$6:$G$59,"DUPLICATE") -> 0 | I15: =COUNTIFS('AI Confirmed Findings'!$C$6:$C$59,C15,'AI Confirmed Findings'!$G$6:$G$59,"FALSE") -> 0 | J15: =IF(D15="Vulnerable",IF(F15>0,"Y","N"),"n/a") -> Y | K15: ='Independent AI Runs'!L12 -> 70 | L15: ='Independent AI Runs'!M12 -> APPROVE_WITH_COMMENTS
A16: TC04 | B16: 3 | C16: 38405139458 | D16: Vulnerable | E16: =COUNTIFS('AI Confirmed Findings'!$C$6:$C$59,C16,'AI Confirmed Findings'!$G$6:$G$59,"<>NONE") -> 1 | F16: =COUNTIFS('AI Confirmed Findings'!$C$6:$C$59,C16,'AI Confirmed Findings'!$G$6:$G$59,"TARGET") -> 1 | G16: =COUNTIFS('AI Confirmed Findings'!$C$6:$C$59,C16,'AI Confirmed Findings'!$G$6:$G$59,"EXTRA-VALID") -> 0 | H16: =COUNTIFS('AI Confirmed Findings'!$C$6:$C$59,C16,'AI Confirmed Findings'!$G$6:$G$59,"DUPLICATE") -> 0 | I16: =COUNTIFS('AI Confirmed Findings'!$C$6:$C$59,C16,'AI Confirmed Findings'!$G$6:$G$59,"FALSE") -> 0 | J16: =IF(D16="Vulnerable",IF(F16>0,"Y","N"),"n/a") -> Y | K16: ='Independent AI Runs'!L13 -> 70 | L16: ='Independent AI Runs'!M13 -> APPROVE_WITH_COMMENTS
... A41: TC12 | B41: 3 | C41: 38405210047 | D41: Legitimate | E41: =COUNTIFS('AI Confirmed Findings'!$C$6:$C$59,C41,'AI Confirmed Findings'!$G$6:$G$59,"<>NONE") -> 0 | F41: =COUNTIFS('AI Confirmed Findings'!$C$6:$C$59,C41,'AI Confirmed Findings'!$G$6:$G$59,"TARGET") -> 0 | G41: =COUNTIFS('AI Confirmed Findings'!$C$6:$C$59,C41,'AI Confirmed Findings'!$G$6:$G$59,"EXTRA-VALID") -> 0 | H41: =COUNTIFS('AI Confirmed Findings'!$C$6:$C$59,C41,'AI Confirmed Findings'!$G$6:$G$59,"DUPLICATE") -> 0 | I41: =COUNTIFS('AI Confirmed Findings'!$C$6:$C$59,C41,'AI Confirmed Findings'!$G$6:$G$59,"FALSE") -> 0 | J41: =IF(D41="Vulnerable",IF(F41>0,"Y","N"),"n/a") -> n/a | K41: ='Independent AI Runs'!L38 -> 100 | L41: ='Independent AI Runs'!M38 -> APPROVE
A42: TC13 | B42: 1 | C42: 38409744211 | D42: Vulnerable | E42: =COUNTIFS('AI Confirmed Findings'!$C$6:$C$59,C42,'AI Confirmed Findings'!$G$6:$G$59,"<>NONE") -> 1 | F42: =COUNTIFS('AI Confirmed Findings'!$C$6:$C$59,C42,'AI Confirmed Findings'!$G$6:$G$59,"TARGET") -> 1 | G42: =COUNTIFS('AI Confirmed Findings'!$C$6:$C$59,C42,'AI Confirmed Findings'!$G$6:$G$59,"EXTRA-VALID") -> 0 | H42: =COUNTIFS('AI Confirmed Findings'!$C$6:$C$59,C42,'AI Confirmed Findings'!$G$6:$G$59,"DUPLICATE") -> 0 | I42: =COUNTIFS('AI Confirmed Findings'!$C$6:$C$59,C42,'AI Confirmed Findings'!$G$6:$G$59,"FALSE") -> 0 | J42: =IF(D42="Vulnerable",IF(F42>0,"Y","N"),"n/a") -> Y | K42: 70 | L42: APPROVE_WITH_COMMENTS
A43: TC13 | B43: 2 | C43: 38409804722 | D43: Vulnerable | E43: =COUNTIFS('AI Confirmed Findings'!$C$6:$C$59,C43,'AI Confirmed Findings'!$G$6:$G$59,"<>NONE") -> 1 | F43: =COUNTIFS('AI Confirmed Findings'!$C$6:$C$59,C43,'AI Confirmed Findings'!$G$6:$G$59,"TARGET") -> 1 | G43: =COUNTIFS('AI Confirmed Findings'!$C$6:$C$59,C43,'AI Confirmed Findings'!$G$6:$G$59,"EXTRA-VALID") -> 0 | H43: =COUNTIFS('AI Confirmed Findings'!$C$6:$C$59,C43,'AI Confirmed Findings'!$G$6:$G$59,"DUPLICATE") -> 0 | I43: =COUNTIFS('AI Confirmed Findings'!$C$6:$C$59,C43,'AI Confirmed Findings'!$G$6:$G$59,"FALSE") -> 0 | J43: =IF(D43="Vulnerable",IF(F43>0,"Y","N"),"n/a") -> Y | K43: 70 | L43: APPROVE_WITH_COMMENTS
A44: TC13 | B44: 3 | C44: 38409830032 | D44: Vulnerable | E44: =COUNTIFS('AI Confirmed Findings'!$C$6:$C$59,C44,'AI Confirmed Findings'!$G$6:$G$59,"<>NONE") -> 1 | F44: =COUNTIFS('AI Confirmed Findings'!$C$6:$C$59,C44,'AI Confirmed Findings'!$G$6:$G$59,"TARGET") -> 1 | G44: =COUNTIFS('AI Confirmed Findings'!$C$6:$C$59,C44,'AI Confirmed Findings'!$G$6:$G$59,"EXTRA-VALID") -> 0 | H44: =COUNTIFS('AI Confirmed Findings'!$C$6:$C$59,C44,'AI Confirmed Findings'!$G$6:$G$59,"DUPLICATE") -> 0 | I44: =COUNTIFS('AI Confirmed Findings'!$C$6:$C$59,C44,'AI Confirmed Findings'!$G$6:$G$59,"FALSE") -> 0 | J44: =IF(D44="Vulnerable",IF(F44>0,"Y","N"),"n/a") -> Y | K44: 70 | L44: APPROVE_WITH_COMMENTS
A45: TC14 | B45: 1 | C45: 38409748586 | D45: Secure | E45: =COUNTIFS('AI Confirmed Findings'!$C$6:$C$59,C45,'AI Confirmed Findings'!$G$6:$G$59,"<>NONE") -> 1 | F45: =COUNTIFS('AI Confirmed Findings'!$C$6:$C$59,C45,'AI Confirmed Findings'!$G$6:$G$59,"TARGET") -> 0 | G45: =COUNTIFS('AI Confirmed Findings'!$C$6:$C$59,C45,'AI Confirmed Findings'!$G$6:$G$59,"EXTRA-VALID") -> 0 | H45: =COUNTIFS('AI Confirmed Findings'!$C$6:$C$59,C45,'AI Confirmed Findings'!$G$6:$G$59,"DUPLICATE") -> 0 | I45: =COUNTIFS('AI Confirmed Findings'!$C$6:$C$59,C45,'AI Confirmed Findings'!$G$6:$G$59,"FALSE") -> 1 | J45: =IF(D45="Vulnerable",IF(F45>0,"Y","N"),"n/a") -> n/a | K45: 95 | L45: APPROVE
A46: TC14 | B46: 2 | C46: 38409813127 | D46: Secure | E46: =COUNTIFS('AI Confirmed Findings'!$C$6:$C$59,C46,'AI Confirmed Findings'!$G$6:$G$59,"<>NONE") -> 0 | F46: =COUNTIFS('AI Confirmed Findings'!$C$6:$C$59,C46,'AI Confirmed Findings'!$G$6:$G$59,"TARGET") -> 0 | G46: =COUNTIFS('AI Confirmed Findings'!$C$6:$C$59,C46,'AI Confirmed Findings'!$G$6:$G$59,"EXTRA-VALID") -> 0 | H46: =COUNTIFS('AI Confirmed Findings'!$C$6:$C$59,C46,'AI Confirmed Findings'!$G$6:$G$59,"DUPLICATE") -> 0 | I46: =COUNTIFS('AI Confirmed Findings'!$C$6:$C$59,C46,'AI Confirmed Findings'!$G$6:$G$59,"FALSE") -> 0 | J46: =IF(D46="Vulnerable",IF(F46>0,"Y","N"),"n/a") -> n/a | K46: 100 | L46: APPROVE
A47: TC14 | B47: 3 | C47: 38409838825 | D47: Secure | E47: =COUNTIFS('AI Confirmed Findings'!$C$6:$C$59,C47,'AI Confirmed Findings'!$G$6:$G$59,"<>NONE") -> 0 | F47: =COUNTIFS('AI Confirmed Findings'!$C$6:$C$59,C47,'AI Confirmed Findings'!$G$6:$G$59,"TARGET") -> 0 | G47: =COUNTIFS('AI Confirmed Findings'!$C$6:$C$59,C47,'AI Confirmed Findings'!$G$6:$G$59,"EXTRA-VALID") -> 0 | H47: =COUNTIFS('AI Confirmed Findings'!$C$6:$C$59,C47,'AI Confirmed Findings'!$G$6:$G$59,"DUPLICATE") -> 0 | I47: =COUNTIFS('AI Confirmed Findings'!$C$6:$C$59,C47,'AI Confirmed Findings'!$G$6:$G$59,"FALSE") -> 0 | J47: =IF(D47="Vulnerable",IF(F47>0,"Y","N"),"n/a") -> n/a | K47: 100 | L47: APPROVE
A48: TC15 | B48: 1 | C48: 38409752049 | D48: Vulnerable | E48: =COUNTIFS('AI Confirmed Findings'!$C$6:$C$59,C48,'AI Confirmed Findings'!$G$6:$G$59,"<>NONE") -> 1 | F48: =COUNTIFS('AI Confirmed Findings'!$C$6:$C$59,C48,'AI Confirmed Findings'!$G$6:$G$59,"TARGET") -> 1 | G48: =COUNTIFS('AI Confirmed Findings'!$C$6:$C$59,C48,'AI Confirmed Findings'!$G$6:$G$59,"EXTRA-VALID") -> 0 | H48: =COUNTIFS('AI Confirmed Findings'!$C$6:$C$59,C48,'AI Confirmed Findings'!$G$6:$G$59,"DUPLICATE") -> 0 | I48: =COUNTIFS('AI Confirmed Findings'!$C$6:$C$59,C48,'AI Confirmed Findings'!$G$6:$G$59,"FALSE") -> 0 | J48: =IF(D48="Vulnerable",IF(F48>0,"Y","N"),"n/a") -> Y | K48: 70 | L48: APPROVE_WITH_COMMENTS
A49: TC15 | B49: 2 | C49: 38409821867 | D49: Vulnerable | E49: =COUNTIFS('AI Confirmed Findings'!$C$6:$C$59,C49,'AI Confirmed Findings'!$G$6:$G$59,"<>NONE") -> 1 | F49: =COUNTIFS('AI Confirmed Findings'!$C$6:$C$59,C49,'AI Confirmed Findings'!$G$6:$G$59,"TARGET") -> 1 | G49: =COUNTIFS('AI Confirmed Findings'!$C$6:$C$59,C49,'AI Confirmed Findings'!$G$6:$G$59,"EXTRA-VALID") -> 0 | H49: =COUNTIFS('AI Confirmed Findings'!$C$6:$C$59,C49,'AI Confirmed Findings'!$G$6:$G$59,"DUPLICATE") -> 0 | I49: =COUNTIFS('AI Confirmed Findings'!$C$6:$C$59,C49,'AI Confirmed Findings'!$G$6:$G$59,"FALSE") -> 0 | J49: =IF(D49="Vulnerable",IF(F49>0,"Y","N"),"n/a") -> Y | K49: 70 | L49: APPROVE_WITH_COMMENTS
A50: TC15 | B50: 3 | C50: 38409847744 | D50: Vulnerable | E50: =COUNTIFS('AI Confirmed Findings'!$C$6:$C$59,C50,'AI Confirmed Findings'!$G$6:$G$59,"<>NONE") -> 1 | F50: =COUNTIFS('AI Confirmed Findings'!$C$6:$C$59,C50,'AI Confirmed Findings'!$G$6:$G$59,"TARGET") -> 1 | G50: =COUNTIFS('AI Confirmed Findings'!$C$6:$C$59,C50,'AI Confirmed Findings'!$G$6:$G$59,"EXTRA-VALID") -> 0 | H50: =COUNTIFS('AI Confirmed Findings'!$C$6:$C$59,C50,'AI Confirmed Findings'!$G$6:$G$59,"DUPLICATE") -> 0 | I50: =COUNTIFS('AI Confirmed Findings'!$C$6:$C$59,C50,'AI Confirmed Findings'!$G$6:$G$59,"FALSE") -> 0 | J50: =IF(D50="Vulnerable",IF(F50>0,"Y","N"),"n/a") -> Y | K50: 70 | L50: APPROVE_WITH_COMMENTS

Sheet AI Confirmed Findings
A1: Every CONFIRMED AI finding in the independent condition (46 runs, TC01–TC15) with a manual label against ground truth
A2: Source: ai_output.json in each run artefact (TC01–TC12 downloaded by AB on 13 Oct; TC13–TC15 downloaded by AB on 13 Oct, 15:50). Rows with '-' record runs that produced no confirmed finding. Labels (blue) are the researcher-assistant's judgement; see legend.
A3: Legend: TARGET = the ground-truth condition; EXTRA-VALID = true issue outside the target; DUPLICATE = restates another confirmed finding in the same run; FALSE = not a real issue against ground truth or provider behaviour; NONE = no confirmed finding in the run.
A5: TC | B5: Run | C5: Run ID | D5: Finding | E5: Severity | F5: Title | G5: Label | H5: Justification | I5: Source
A6: TC01 | B6: 1 | C6: 38404582550 | D6: - | E6: - | F6: (no confirmed findings) | G6: NONE | H6: no confirmed findings | I6: ai_output.json
A7: TC01 | B7: 2 | C7: 38405003190 | D7: - | E7: - | F7: (no confirmed findings) | G7: NONE | H7: no confirmed findings | I7: ai_output.json
A8: TC01 | B8: 3 | C8: 38405111880 | D8: - | E8: - | F8: (no confirmed findings) | G8: NONE | H8: no confirmed findings | I8: ai_output.json
A9: TC02 | B9: 1 | C9: 38404584887 | D9: F-001 | E9: HIGH | F9: Unrestricted inbound SSH access permitted from any source address | G9: TARGET | H9: Ground-truth condition for this case. | I9: ai_output.json
A10: TC02 | B10: 2 | C10: 38405012851 | D10: F-001 | E10: HIGH | F10: Inbound SSH (port 22) permitted from any source address (0.0.0.0/0) | G10: TARGET | H10: Ground-truth condition for this case. | I10: ai_output.json
A11: TC02 | B11: 3 | C11: 38405121064 | D11: F-001 | E11: HIGH | F11: NSG permits inbound SSH (TCP/22) from any source (0.0.0.0/0) | G11: TARGET | H11: Ground-truth condition for this case. | I11: ai_output.json
A12: TC03 | B12: 1 | C12: 38404589228 | D12: F-001 | E12: HIGH | F12: RDP (TCP/3389) publicly accessible from any source address | G12: TARGET | H12: Ground-truth condition for this case. | I12: ai_output.json
A13: TC03 | B13: 2 | C13: 38405022162 | D13: F-001 | E13: HIGH | F13: Unrestricted inbound RDP (port 3389) permitted from 0.0.0.0/0 | G13: TARGET | H13: Ground-truth condition for this case. | I13: ai_output.json
A14: TC03 | B14: 3 | C14: 38405130215 | D14: F-001 | E14: HIGH | F14: Unrestricted inbound RDP access from any source (0.0.0.0/0) on port 3389 | G14: TARGET | H14: Ground-truth condition for this case. | I14: ai_output.json
A15: TC03 | B15: 3 | C15: 38405130215 | D15: F-002 | E15: HIGH | F15: SEC-001 violation: public RDP exposure without documented policy justification | G15: DUPLICATE | H15: Restates F-001 (public RDP) as a SEC-001 policy finding. | I15: ai_output.json
A16: TC04 | B16: 1 | C16: 38404592498 | D16: F-001 | E16: HIGH | F16: Unrestricted inbound HTTP (TCP/80) permitted from any source via NSG rule | G16: TARGET | H16: Ground-truth condition for this case. | I16: ai_output.json
A17: TC04 | B17: 2 | C17: 38405031009 | D17: F-001 | E17: HIGH | F17: NSG allows unrestricted inbound HTTP (TCP/80) from any IPv4 address | G17: TARGET | H17: Ground-truth condition for this case. | I17: ai_output.json
... A59: TC15 | B59: 3 | C59: 38409847744 | D59: F-001 | E59: HIGH | F59: Hardcoded plaintext database password committed as a Terraform variable default | G59: TARGET | H59: Ground-truth condition for this case. | I59: ai_output.json

Sheet Scanner Results
A1: Test case | B1: Checkov passed | C1: Checkov failed | D1: Checkov failed check IDs | E1: tfsec findings (rule · severity · resource) | F1: Identical across independent runs | G1: Matches local reproduction | H1: Matches earlier Condition C PR comment
A2: TC01 | B2: 7 | C2: 0 | D2: none | E2: none | F2: Yes (3/3; TC08 4/4) | G2: Yes | H2: Yes
A3: TC02 | B3: 7 | C3: 0 | D3: none | E3: AVD-AZU-0047 · CRITICAL · azurerm_network_security_group.nsg AVD-AZU-0050 · CRITICAL · azurerm_network_security_group.nsg | F3: Yes (3/3; TC08 4/4) | G3: Yes | H3: Yes
A4: TC03 | B4: 7 | C4: 0 | D4: none | E4: AVD-AZU-0048 · CRITICAL · azurerm_network_security_group.nsg AVD-AZU-0047 · CRITICAL · azurerm_network_security_group.nsg | F4: Yes (3/3; TC08 4/4) | G4: Yes | H4: Yes
A5: TC04 | B5: 7 | C5: 0 | D5: none | E5: AVD-AZU-0047 · CRITICAL · azurerm_network_security_group.nsg | F5: Yes (3/3; TC08 4/4) | G5: Yes | H5: Yes
A6: TC05 | B6: 6 | C6: 1 | D6: CKV2_AZURE_31 | E6: none | F6: Yes (3/3; TC08 4/4) | G6: Yes | H6: Yes
A7: TC06 | B7: 5 | C7: 2 | D7: CKV_AZURE_183, CKV_AZURE_182 | E7: none | F7: Yes (3/3; TC08 4/4) | G7: Yes | H7: Yes
A8: TC07 | B8: 11 | C8: 11 | D8: CKV_AZURE_59, CKV_AZURE_206, CKV_AZURE_190, CKV_AZURE_33, CKV_AZURE_44, CKV2_AZURE_47, CKV2_AZURE_38, CKV2_AZURE_40, CKV2_AZURE_33, CKV2_AZURE_41, CKV2_AZURE_1 | E8: AVD-AZU-0011 · CRITICAL · azurerm_storage_account.tc07_storage | F8: Yes (3/3; TC08 4/4) | G8: Yes | H8: Yes
A9: TC08 | B9: 7 | C9: 0 | D9: none | E9: none | F9: Yes (3/3; TC08 4/4) | G9: Yes | H9: Yes
A10: TC09 | B10: 7 | C10: 0 | D10: none | E10: none | F10: Yes (3/3; TC08 4/4) | G10: Yes | H10: Yes
A11: TC10 | B11: 7 | C11: 1 | D11: CKV_AZURE_39 | E11: none | F11: Yes (3/3; TC08 4/4) | G11: Yes | H11: Yes
A12: TC11 | B12: 7 | C12: 1 | D12: CKV_AZURE_39 | E12: none | F12: Yes (3/3; TC08 4/4) | G12: Yes | H12: Yes
A13: TC12 | B13: 11 | C13: 0 | D13: none | E13: AVD-AZU-0047 · CRITICAL · azurerm_network_security_rule.tc12_public_https | F13: Yes (3/3; TC08 4/4) | G13: Yes | H13: Yes
A15: Local reproduction: Checkov 3.3.1 (--framework terraform --output json) and tfsec v1.28.14 (--format json) on each indep-tc branch, 13 Oct 2026. Checkov OSS JSON reports no severity. Probe: changing TC02 source '0.0.0.0/0' to '*' makes CKV_AZURE_10 fail.

Sheet Hybrid Runs (Condition C)
A1: Test case | B1: PR | C1: Head commit | D1: Run ID | E1: Run attempts | F1: AI result (PR comment) | G1: Scanner IDs cited by AI | H1: Notes
A2: TC01 | B2: #46 | C2: 0003ccf | D2: 37804553671 | E2: 1 | F2: 55/100 DO_NOT_MERGE: MEDIUM TAG-001, MEDIUM LOG-001 confirmed; context note on missing explicit NSG rules | G2: none (no scanner context in code at that time) | H2: Older fixture (no tags/logging); later baseline changed
A3: TC01 | B3: #55 | C3: aea09b1 | D3: 37941043133 | E3: 1 | F3: Screenshot shows 100/100 clean, but PR changed only PROM06-TC-01.md so AI should have been skipped; comment posted 11 min before scanner comments | G3: — | H3: Not traceable to its own run — UNVERIFIED
A4: TC02 | B4: #56 | C4: 1112b8b | D4: 37949921520 | E4: 1 | F4: 70/100: CRITICAL SSH | G4: AVD-AZU-0047, AVD-AZU-0050
A5: TC03 | B5: #57 | C5: 4d213c6 | D5: 38240217182 | E5: 1 | F5: 70/100: CRITICAL RDP | G5: AVD-AZU-0048, AVD-AZU-0047
A6: TC04 | B6: #58 | C6: 4d2f880 | D6: 38241873851 | E6: 1 | F6: 70/100: HIGH HTTP | G6: AVD-AZU-0047 | H6: PR closed unmerged
A7: TC05 | B7: #59 | C7: dad9df3 | D7: 38243286069 | E7: 1 | F7: 85/100: MEDIUM NET-001 | G7: CKV2_AZURE_31
A8: TC06 | B8: #61 | C8: 1ea2c15 | D8: 38245294170 | E8: 1 | F8: 85/100: MEDIUM NET-002 | G8: CKV_AZURE_183, CKV_AZURE_182 | H8: #60 was an earlier TC06 variant
A9: TC07 | B9: #63 | C9: de8549e | D9: 38281784140 | E9: 1 | F9: 25/100: CRITICAL TLS, MEDIUM TAG-001, HIGH public network | G9: AVD-AZU-0011, CKV_AZURE_44, CKV_AZURE_59, CKV2_AZURE_47/33/40 | H9: #62 web-app variant not used
A10: TC08 | B10: #64 | C10: 7cb9014 | D10: 38283490262 | E10: 1 | F10: 85/100: MEDIUM LOG-001 | G10: none (scanners clean)
A11: TC09 | B11: #65 | C11: eca6e99 | D11: 38285110293 | E11: 3 | F11: 85/100: MEDIUM hard-coded secret | G11: none (scanners clean) | H11: 3 attempts; claimed value would be stored in state
A12: TC10 | B12: #66 | C12: dd05ba4 | D12: 38287543507 | E12: 2 | F12: Attempt 1: 40/100, 2 × CRITICAL; attempt 2 (13 Oct): 70/100, 1 × HIGH | G12: CKV_AZURE_39 | H12: Explains matrix severity conflict
A13: TC11 | B13: #67 | C13: 960dac3 | D13: 38288761497 | E13: 2 | F13: Both attempts 70/100: 1 × HIGH | G13: CKV_AZURE_39 (listed as a 'policy mapping' in attempt 2) | H13: Confluence heading 'AI-only (B)' incorrect
A14: TC12 | B14: #68 | C14: 709316c | D14: 38289955785 | E14: 1 | F14: 85/100: MEDIUM SEC-001 scope concern | G14: AVD-AZU-0047
A16: Runs on 9–12 Oct used workflow default Condition C with build_scanner_context() (added 9 Oct 12:47, commit 732083d), so the AI prompt contained normalised scanner findings. Run IDs/attempts from GitHub Actions API.

Sheet Timing
A1: Pipeline timing per independent run (GitHub Actions jobs API, step timestamps at 1-second resolution)
A2: All three tools run sequentially in one job and all PR comments are posted together at the end, so time-to-feedback is the same for every tool; tool cost is shown as step duration. AI duration includes the Anthropic API call. PR→comments is only meaningful for pull_request-event runs.
A4: Run ID | B4: Branch | C4: Event | D4: Job start (UTC) | E4: Job (s) | F4: Install Checkov (s) | G4: Run Checkov (s) | H4: Run tfsec (s) | I4: AI review (s) | J4: AI step result | K4: PR created (UTC) | L4: PR → comments posted (s)
A5: 38404582550 | B5: indep-tc01 | C5: pull_request | D5: 2026-10-13 13:23:42 | E5: 73 | F5: 19 | G5: 6 | H5: 1 | I5: 29 | J5: success | K5: 2026-10-13 13:23:34 | L5: 77
A6: 38405003190 | B6: indep-tc01 | C6: workflow_dispatch | D6: 2026-10-13 13:26:50 | E6: 58 | F6: 17 | G6: 6 | H6: 1 | I6: 18 | J6: success | K6: 2026-10-13 13:23:34 | L6: n/a
A7: 38405111880 | B7: indep-tc01 | C7: workflow_dispatch | D7: 2026-10-13 13:27:37 | E7: 77 | F7: 20 | G7: 4 | H7: 1 | I7: 35 | J7: success | K7: 2026-10-13 13:23:34 | L7: n/a
A8: 38404584887 | B8: indep-tc02 | C8: pull_request | D8: 2026-10-13 13:23:42 | E8: 84 | F8: 24 | G8: 9 | H8: 1 | I8: 30 | J8: success | K8: 2026-10-13 13:23:35 | L8: 88
A9: 38405012851 | B9: indep-tc02 | C9: workflow_dispatch | D9: 2026-10-13 13:26:54 | E9: 83 | F9: 23 | G9: 6 | H9: 1 | I9: 35 | J9: success | K9: 2026-10-13 13:23:35 | L9: n/a
A10: 38405121064 | B10: indep-tc02 | C10: workflow_dispatch | D10: 2026-10-13 13:27:42 | E10: 75 | F10: 20 | G10: 6 | H10: 1 | I10: 31 | J10: success | K10: 2026-10-13 13:23:35 | L10: n/a
A11: 38404589228 | B11: indep-tc03 | C11: pull_request | D11: 2026-10-13 13:23:44 | E11: 68 | F11: 15 | G11: 5 | H11: 0 | I11: 33 | J11: success | K11: 2026-10-13 13:23:37 | L11: 71
A12: 38405022162 | B12: indep-tc03 | C12: workflow_dispatch | D12: 2026-10-13 13:26:57 | E12: 72 | F12: 19 | G12: 6 | H12: 1 | I12: 31 | J12: success | K12: 2026-10-13 13:23:37 | L12: n/a
A13: 38405130215 | B13: indep-tc03 | C13: workflow_dispatch | D13: 2026-10-13 13:27:45 | E13: 74 | F13: 16 | G13: 4 | H13: 0 | I13: 39 | J13: success | K13: 2026-10-13 13:23:37 | L13: n/a
A14: 38404592498 | B14: indep-tc04 | C14: pull_request | D14: 2026-10-13 13:23:46 | E14: 75 | F14: 18 | G14: 6 | H14: 1 | I14: 33 | J14: success | K14: 2026-10-13 13:23:38 | L14: 79
A15: 38405031009 | B15: indep-tc04 | C15: workflow_dispatch | D15: 2026-10-13 13:27:02 | E15: 73 | F15: 18 | G15: 6 | H15: 1 | I15: 31 | J15: success | K15: 2026-10-13 13:23:38 | L15: n/a
A16: 38405139458 | B16: indep-tc04 | C16: workflow_dispatch | D16: 2026-10-13 13:27:49 | E16: 79 | F16: 21 | G16: 7 | H16: 1 | I16: 33 | J16: success | K16: 2026-10-13 13:23:38 | L16: n/a
A17: 38404594354 | B17: indep-tc05 | C17: pull_request | D17: 2026-10-13 13:23:46 | E17: 77 | F17: 18 | G17: 6 | H17: 1 | I17: 34 | J17: success | K17: 2026-10-13 13:23:40 | L17: 80
A18: 38405039302 | B18: indep-tc05 | C18: workflow_dispatch | D18: 2026-10-13 13:27:06 | E18: 87 | F18: 23 | G18: 7 | H18: 1 | I18: 39 | J18: success | K18: 2026-10-13 13:23:40 | L18: n/a
A19: 38405149036 | B19: indep-tc05 | C19: workflow_dispatch | D19: 2026-10-13 13:27:54 | E19: 184 | F19: 25 | G19: 9 | H19: 1 | I19: 131 | J19: success | K19: 2026-10-13 13:23:40 | L19: n/a
A20: 38404596950 | B20: indep-tc06 | C20: pull_request | D20: 2026-10-13 13:23:48 | E20: 73 | F20: 19 | G20: 6 | H20: 1 | I20: 30 | J20: success | K20: 2026-10-13 13:23:41 | L20: 75
A21: 38405047995 | B21: indep-tc06 | C21: workflow_dispatch | D21: 2026-10-13 13:27:11 | E21: 81 | F21: 23 | G21: 6 | H21: 1 | I21: 32 | J21: success | K21: 2026-10-13 13:23:41 | L21: n/a
A22: 38405157604 | B22: indep-tc06 | C22: workflow_dispatch | D22: 2026-10-13 13:27:57 | E22: 77 | F22: 21 | G22: 6 | H22: 1 | I22: 32 | J22: success | K22: 2026-10-13 13:23:41 | L22: n/a
A23: 38404600206 | B23: indep-tc07 | C23: pull_request | D23: 2026-10-13 13:23:49 | E23: 81 | F23: 21 | G23: 6 | H23: 1 | I23: 37 | J23: success | K23: 2026-10-13 13:23:42 | L23: 85
A24: 38405057461 | B24: indep-tc07 | C24: workflow_dispatch | D24: 2026-10-13 13:27:14 | E24: 78 | F24: 19 | G24: 6 | H24: 1 | I24: 37 | J24: success | K24: 2026-10-13 13:23:42 | L24: n/a
A25: 38405166219 | B25: indep-tc07 | C25: workflow_dispatch | D25: 2026-10-13 13:28:01 | E25: 88 | F25: 22 | G25: 7 | H25: 1 | I25: 41 | J25: success | K25: 2026-10-13 13:23:42 | L25: n/a
A26: 38404605125 | B26: indep-tc08 | C26: pull_request | D26: 2026-10-13 13:23:51 | E26: 74 | F26: 19 | G26: 7 | H26: 1 | I26: 30 | J26: failure | K26: 2026-10-13 13:23:44 | L26: 77
A27: 38405066857 | B27: indep-tc08 | C27: workflow_dispatch | D27: 2026-10-13 13:27:19 | E27: 95 | F27: 23 | G27: 5 | H27: 1 | I27: 48 | J27: success | K27: 2026-10-13 13:23:44 | L27: n/a
A28: 38405174844 | B28: indep-tc08 | C28: workflow_dispatch | D28: 2026-10-13 13:28:05 | E28: 77 | F28: 21 | G28: 6 | H28: 1 | I28: 35 | J28: success | K28: 2026-10-13 13:23:44 | L28: n/a
A29: 38405218950 | B29: indep-tc08 | C29: workflow_dispatch | D29: 2026-10-13 13:28:35 | E29: 75 | F29: 21 | G29: 6 | H29: 0 | I29: 30 | J29: success | K29: 2026-10-13 13:23:44 | L29: n/a
A30: 38404607277 | B30: indep-tc09 | C30: pull_request | D30: 2026-10-13 13:23:51 | E30: 69 | F30: 19 | G30: 6 | H30: 1 | I30: 28 | J30: success | K30: 2026-10-13 13:23:45 | L30: 73
A31: 38405075984 | B31: indep-tc09 | C31: workflow_dispatch | D31: 2026-10-13 13:27:23 | E31: 86 | F31: 25 | G31: 7 | H31: 1 | I31: 31 | J31: success | K31: 2026-10-13 13:23:45 | L31: n/a
A32: 38405183161 | B32: indep-tc09 | C32: workflow_dispatch | D32: 2026-10-13 13:28:09 | E32: 81 | F32: 24 | G32: 7 | H32: 1 | I32: 30 | J32: success | K32: 2026-10-13 13:23:45 | L32: n/a
A33: 38404612132 | B33: indep-tc10 | C33: pull_request | D33: 2026-10-13 13:23:54 | E33: 80 | F33: 17 | G33: 6 | H33: 1 | I33: 37 | J33: success | K33: 2026-10-13 13:23:47 | L33: 82
A34: 38405084901 | B34: indep-tc10 | C34: workflow_dispatch | D34: 2026-10-13 13:27:26 | E34: 72 | F34: 17 | G34: 5 | H34: 1 | I34: 30 | J34: success | K34: 2026-10-13 13:23:47 | L34: n/a
A35: 38405192342 | B35: indep-tc10 | C35: workflow_dispatch | D35: 2026-10-13 13:28:13 | E35: 78 | F35: 19 | G35: 5 | H35: 1 | I35: 35 | J35: success | K35: 2026-10-13 13:23:47 | L35: n/a
A36: 38404613836 | B36: indep-tc11 | C36: pull_request | D36: 2026-10-13 13:23:55 | E36: 67 | F36: 19 | G36: 5 | H36: 1 | I36: 28 | J36: success | K36: 2026-10-13 13:23:49 | L36: 71
A37: 38405093864 | B37: indep-tc11 | C37: workflow_dispatch | D37: 2026-10-13 13:27:30 | E37: 67 | F37: 19 | G37: 5 | H37: 1 | I37: 27 | J37: success | K37: 2026-10-13 13:23:49 | L37: n/a
A38: 38405200842 | B38: indep-tc11 | C38: workflow_dispatch | D38: 2026-10-13 13:28:18 | E38: 79 | F38: 25 | G38: 5 | H38: 0 | I38: 29 | J38: success | K38: 2026-10-13 13:23:49 | L38: n/a
A39: 38404619147 | B39: indep-tc12 | C39: pull_request | D39: 2026-10-13 13:23:57 | E39: 92 | F39: 19 | G39: 6 | H39: 1 | I39: 47 | J39: success | K39: 2026-10-13 13:23:50 | L39: 95
A40: 38405103514 | B40: indep-tc12 | C40: workflow_dispatch | D40: 2026-10-13 13:27:34 | E40: 81 | F40: 21 | G40: 5 | H40: 1 | I40: 35 | J40: success | K40: 2026-10-13 13:23:50 | L40: n/a
A41: 38405210047 | B41: indep-tc12 | C41: workflow_dispatch | D41: 2026-10-13 13:28:20 | E41: 79 | F41: 16 | G41: 5 | H41: 0 | I41: 40 | J41: success | K41: 2026-10-13 13:23:50 | L41: n/a
A42: 38409744211 | B42: indep-tc13 | C42: pull_request | D42: 2026-10-13 14:00:59 | E42: 67 | F42: 14 | G42: 6 | H42: 1 | I42: 29 | J42: success | K42: 2026-10-13 14:00:50 | L42: 71
A43: 38409804722 | B43: indep-tc13 | C43: workflow_dispatch | D43: 2026-10-13 14:01:26 | E43: 73 | F43: 22 | G43: 7 | H43: 1 | I43: 23 | J43: success | K43: 2026-10-13 14:00:50 | L43: n/a
A44: 38409830032 | B44: indep-tc13 | C44: workflow_dispatch | D44: 2026-10-13 14:01:36 | E44: 67 | F44: 22 | G44: 6 | H44: 1 | I44: 22 | J44: success | K44: 2026-10-13 14:00:50 | L44: n/a
A45: 38409748586 | B45: indep-tc14 | C45: pull_request | D45: 2026-10-13 14:01:01 | E45: 76 | F45: 19 | G45: 6 | H45: 1 | I45: 36 | J45: success | K45: 2026-10-13 14:00:52 | L45: 83
A46: 38409813127 | B46: indep-tc14 | C46: workflow_dispatch | D46: 2026-10-13 14:01:29 | E46: 74 | F46: 18 | G46: 6 | H46: 1 | I46: 31 | J46: success | K46: 2026-10-13 14:00:52 | L46: n/a
A47: 38409838825 | B47: indep-tc14 | C47: workflow_dispatch | D47: 2026-10-13 14:01:39 | E47: 81 | F47: 16 | G47: 5 | H47: 1 | I47: 45 | J47: success | K47: 2026-10-13 14:00:52 | L47: n/a
A48: 38409752049 | B48: indep-tc15 | C48: pull_request | D48: 2026-10-13 14:01:04 | E48: 76 | F48: 20 | G48: 6 | H48: 1 | I48: 30 | J48: success | K48: 2026-10-13 14:00:53 | L48: 83
A49: 38409821867 | B49: indep-tc15 | C49: workflow_dispatch | D49: 2026-10-13 14:01:32 | E49: 85 | F49: 26 | G49: 8 | H49: 1 | I49: 26 | J49: success | K49: 2026-10-13 14:00:53 | L49: n/a
A50: 38409847744 | B50: indep-tc15 | C50: workflow_dispatch | D50: 2026-10-13 14:01:43 | E50: 70 | F50: 21 | G50: 7 | H50: 1 | I50: 26 | J50: success | K50: 2026-10-13 14:00:53 | L50: n/a
A52: Summary (formulas)
A53: Statistic | E53: Job (s) | F53: Install Checkov (s) | G53: Run Checkov (s) | H53: Run tfsec (s) | I53: AI review (s) | L53: PR → comments (s)
A54: Median | E54: =MEDIAN(E5:E50) -> 77 | F54: =MEDIAN(F5:F50) -> 19.5 | G54: =MEDIAN(G5:G50) -> 6 | H54: =MEDIAN(H5:H50) -> 1 | I54: =MEDIAN(I5:I50) -> 31.5 | L54: =MEDIAN(L5:L50) -> 79
A55: Minimum | E55: =MIN(E5:E50) -> 58 | F55: =MIN(F5:F50) -> 14 | G55: =MIN(G5:G50) -> 4 | H55: =MIN(H5:H50) -> 0 | I55: =MIN(I5:I50) -> 18 | L55: =MIN(L5:L50) -> 71
A56: Maximum | E56: =MAX(E5:E50) -> 184 | F56: =MAX(F5:F50) -> 26 | G56: =MAX(G5:G50) -> 9 | H56: =MAX(H5:H50) -> 1 | I56: =MAX(I5:I50) -> 131 | L56: =MAX(L5:L50) -> 95
A57: Mean | E57: =AVERAGE(E5:E50) -> 79.086957 | F57: =AVERAGE(F5:F50) -> 20.065217 | G57: =AVERAGE(G5:G50) -> 6.0434783 | H57: =AVERAGE(H5:H50) -> 0.89130435 | I57: =AVERAGE(I5:I50) -> 34.76087 | L57: =AVERAGE(L5:L50) -> 79.333333
A58: Runs | E58: =COUNT(E5:E50) -> 46
A59: AI step share of job time (median AI ÷ median job) | E59: =I54/E54 -> 0.40909091

Sheet Remediation Validation
A1: Remediation validation (DCR) — does applying the AI's own recommendation produce the ground-truth secure state?
A2: Method (13 Oct 2026): for each case where the AI confirmed the target, the recommendation from the first run that confirmed it was applied to the unchanged fixture branch on a new rem-tc branch, with no other edits. Each branch was opened as a PR (not merged, not applied) so the INDEPENDENT workflow ran terraform fmt/validate, Checkov 3.3.1, tfsec 1.28.14 and a fresh AI review once. Where the AI gave a placeholder source range, the RFC 5737 documentation address 203.0.113.10/32 was used (no real addresses). Fixes were implemented by the research assistant (Claude); interpretation choices are recorded. Variant 'b' rows change only the now-stale fixture comment, to isolate its effect on the AI re-review. One AI run per branch: no variability estimate.
A4: TC | B4: Variant | C4: AI recommendation source | D4: Fix applied | E4: Interpretation / note | F4: Branch | G4: Commit | H4: PR | I4: Run ID | J4: fmt + validate | K4: Checkov target check (before → after) | L4: tfsec (before → after) | M4: AI re-review (independent, 1 run) | N4: Target resolved vs ground truth? | O4: Scanner confirms fix? | P4: AI accepts fix?
A5: TC02 | B5: a | C5: Run 38404584887 F-001 | D5: source_address_prefix 0.0.0.0/0 → 203.0.113.10/32 | E5: AI example: 'jump-host IP'; documentation address used. Fixture comment still says 'Deliberately unrestricted SSH'. | F5: rem-tc02 | G5: 386c2ac | H5: 85 | I5: 38412911309 | J5: Pass | K5: CKV_AZURE_10 passed before and after (blind to 0.0.0.0/0) | L5: AVD-AZU-0047 + 0050 → 0 | M5: 70 APPROVE_WITH_COMMENTS — HIGH: source is an RFC 5737 TEST-NET address; cites the stale comment | N5: Yes | O5: Yes (tfsec) | P5: No
A6: TC02 | B6: b | C6: As variant a | D6: As a + comment updated to describe the restricted rule | E6: Isolates stale-comment effect. | F6: rem-tc02b | G6: fd061b8 | H6: 98 | I6: 38413482687 | J6: Pass | K6: Passed (7/0) | L6: 0 → 0 | M6: 95 APPROVE — LOW: wildcard destination (same note as TC14 run 1) | N6: Yes | O6: Yes (tfsec) | P6: Yes
A7: TC03 | B7: a | C7: Run 38404589228 F-001 | D7: source_address_prefix 0.0.0.0/0 → 203.0.113.10/32 | E7: AI: 'controlled IP range … or Azure Bastion'; first option applied. Stale comment retained. | F7: rem-tc03 | G7: 08e5734 | H7: 86 | I7: 38412915964 | J7: Pass | K7: CKV_AZURE_9 passed before and after (blind) | L7: AVD-AZU-0048 + 0047 → 0 | M7: 70 APPROVE_WITH_COMMENTS — HIGH: RDP from external source address; quotes 'Deliberately unrestricted RDP' comment | N7: Yes | O7: Yes (tfsec) | P7: No
A8: TC03 | B8: b | C8: As variant a | D8: As a + comment updated | E8: Isolates stale-comment effect. | F8: rem-tc03b | G8: ed0ab21 | H8: 99 | I8: 38413403063 | J8: Pass | K8: Passed (7/0) | L8: 0 → 0 | M8: 100 APPROVE — no confirmed findings | N8: Yes | O8: Yes (tfsec) | P8: Yes
A9: TC04 | B9: a | C9: Run 38404592498 F-001 | D9: source_address_prefix 0.0.0.0/0 → 203.0.113.10/32 | E9: AI: restrict to test-harness range. No HTTPS alternative was recommended. Stale comment retained. | F9: rem-tc04 | G9: 8d02bac | H9: 87 | I9: 38412921766 | J9: Pass | K9: CKV_AZURE_160 passed before and after (blind) | L9: AVD-AZU-0047 → 0 | M9: 95 APPROVE — LOW: comment contradicts the configured source prefix | N9: Yes | O9: Yes (tfsec) | P9: Yes
A10: TC04 | B10: b | C10: As variant a | D10: As a + comment updated | E10: Isolates stale-comment effect. | F10: rem-tc04b | G10: 6e7a619 | H10: 100 | I10: 38413413620 | J10: Pass | K10: Passed (7/0) | L10: 0 → 0 | M10: 85 APPROVE — MEDIUM: HTTP is cleartext, use HTTPS (an issue the AI did not raise when reviewing the original fixture) | N10: Yes | O10: Yes (tfsec) | P10: Yes
A11: TC05 | B11: a | C11: Run 38404594354 F-001 | D11: Add azurerm_subnet_network_security_group_association | E11: Applied as given. | F11: rem-tc05 | G11: 952f4dc | H11: 88 | I11: 38412929801 | J11: Pass | K11: CKV2_AZURE_31 failed → passed | L11: 0 → 0 | M11: 100 APPROVE — no confirmed findings | N11: Yes | O11: Yes (Checkov) | P11: Yes
A12: TC06 | B12: a | C12: Run 38404596950 F-001 | D12: Remove dns_servers (Azure-provided DNS) | E12: First of two AI options (other: 168.63.129.16). | F12: rem-tc06 | G12: fb59f8a | H12: 89 | I12: 38412933192 | J12: Pass | K12: CKV_AZURE_183 + 182 failed → passed | L12: 0 → 0 | M12: 100 APPROVE — no confirmed findings | N12: Yes | O12: Yes (Checkov) | P12: Yes
A13: TC07 | B13: a | C13: Run 38404600206 F-001 | D13: min_tls_version TLS1_0 → TLS1_2 | E13: Target finding only; other AI recommendations not applied. | F13: rem-tc07 | G13: 6d60bce | H13: 90 | I13: 38412938552 | J13: Pass | K13: CKV_AZURE_44 failed → passed (10 unrelated storage checks still fail) | L13: AVD-AZU-0011 → 0 | M13: 40 DO_NOT_MERGE — TLS no longer raised; 3 other confirmed: tags (true), public network access HIGH (was NEEDS_CONTEXT), no diagnostic setting | N13: Yes | O13: Yes (both) | P13: Target yes; gate blocks
A14: TC08 | B14: a | C14: Run 38405218950 F-001 | D14: Add azurerm_monitor_diagnostic_setting for the NSG with both categories | E14: Only run that confirmed the target; code example applied as given. | F14: rem-tc08 | G14: 324f05c | H14: 91 | I14: 38412942226 | J14: Pass | K14: 7/0 before and after (blind) | L14: 0 → 0 | M14: 100 APPROVE — no confirmed findings | N14: Yes | O14: n/a (blind) | P14: Yes
A15: TC09 | B15: a | C15: Run 38404607277 F-001 | D15: Remove the locals block containing the dummy secret | E15: AI option 'remove the locals block'. Value remains in git history (not recommended for purge in this run). | F15: rem-tc09 | G15: a3323f5 | H15: 92 | I15: 38412949170 | J15: Pass | K15: 7/0 before and after (blind; secrets framework not run) | L15: 0 → 0 | M15: 100 APPROVE — no confirmed findings | N15: Yes (code); history not addressed | O15: n/a (blind) | P15: Yes
A16: TC10 | B16: a | C16: Run 38404612132 F-001 | D16: Delete the role definition | E16: First AI option. Second option ('minimum set of actions') could not be applied: the AI did not specify the actions. | F16: rem-tc10 | G16: 46226ce | H16: 93 | I16: 38412950863 | J16: Pass | K16: CKV_AZURE_39 failed → passed | L16: 0 → 0 | M16: Not invoked: PR has no .tf diff against main after deletion | N16: Yes | O16: Yes (Checkov) | P16: n/a
... A20: TC15 | B20: a | C20: Run 38409752049 F-001 | D20: Remove default; add sensitive = true | E20: Rotation and history purge are operational steps outside code; not tested. | F20: rem-tc15 | G20: 30a6cf7 | H20: 97 | I20: 38412968077 | J20: Pass | K20: 7/0 before and after (blind) | L20: 0 → 0 | M20: 95 APPROVE — LOW: no validation block / no confirmed secret store | N20: Yes (code) | O20: n/a (blind) | P20: Yes (LOW note)
A22: Summary (formulas; primary variant 'a' unless stated)
A23: Cases with an AI remediation tested (variant a) | F23: =COUNTIFS(B5:B20,"a") -> 12
A24: Target resolved vs ground truth (variant a; 'Yes…' incl. qualified) | F24: =COUNTIFS(B5:B20,"a",N5:N20,"Yes*") -> 12
A25: Passed terraform fmt + validate (variant a) | F25: =COUNTIFS(B5:B20,"a",J5:J20,"Pass") -> 12
A26: Fix confirmed by a scanner that had detected the target | F26: =COUNTIFS(B5:B20,"a",O5:O20,"Yes*") -> 8
A27: Cases where neither scanner could confirm (blind) | F27: =COUNTIFS(B5:B20,"a",O5:O20,"n/a (blind)") -> 4
A28: AI re-review accepted its own fix (variant a, 'Yes…') | F28: =COUNTIFS(B5:B20,"a",P5:P20,"Yes*")+COUNTIFS(B5:B20,"a",P5:P20,"Target yes*") -> 9
A29: AI re-review rejected its own fix with a HIGH finding (variant a) | F29: =COUNTIFS(B5:B20,"a",P5:P20,"No") -> 2
A30: Variant b (stale comment corrected, TC02–TC04): AI accepted the fix | F30: =COUNTIFS(B5:B20,"b",P5:P20,"Yes*") -> 3
A31: AI remediation for a false finding that broke validation | F31: =COUNTIFS(J5:J20,"FAIL*") -> 1
A33: rem-tc10tags validate error (log supplied by AB, 13 Oct 2026; archived at step3/rem-logs/38412955313-terraform-validate.txt): Error: Unsupported argument on tc10_iam.tf line 14 — An argument named "tags" is not expected here.

Sheet Decisions & Caveats
A1: # | B1: Item | C1: Proposed treatment | D1: AB decision
A2: 1 | B2: TC12 tfsec AVD-AZU-0047 and AI SEC-001: count the shared-NSG / wildcard-destination scope as a separate weakness? | C2: Keep as CONTEXT; report both readings (FP against TC12-GT-01 vs valid scope concern). | D2: Agreed — proposed treatment adopted (AB, 13 Oct 2026)
A3: 2 | B3: TC08 AI result | C3: Report PARTIAL: raised 4/4, confirmed 1/3 successful runs; treat as classification instability. | D3: Agreed — proposed treatment adopted (AB, 13 Oct 2026)
A4: 3 | B4: TC01 hybrid result | C4: Report as UNVERIFIED; use independent TC01 (clean 3/3) as the baseline result; disclose baseline evolution. | D4: Agreed — proposed treatment adopted (AB, 13 Oct 2026)
A5: 4 | B5: TC11 construct | C5: Count detections, but state the case does not isolate multi-file reasoning (wildcard alone triggers CKV_AZURE_39). | D5: Agreed — proposed treatment adopted (AB, 13 Oct 2026)
A6: 5 | B6: AI TAG-001 findings on non-taggable resources (TC10, TC12) | C6: Count as AI false positives (unrelated to target). | D6: Agreed — proposed treatment adopted (AB, 13 Oct 2026)
A7: 6 | B7: Input asymmetry: only the AI receives ai/policy.md (NET-001, NET-002, LOG-001, SEC-001, TAG-001) | C7: Report as a fairness/validity limitation, especially for TC05, TC06, TC08, TC12. | D7: Agreed — proposed treatment adopted (AB, 13 Oct 2026)
A8: 7 | B8: Severity comparison | C8: Do not compare severities across tools; report AI severity variability only. | D8: Agreed — proposed treatment adopted (AB, 13 Oct 2026)
A9: 8 | B9: Ground truth source | C9: Use Confluence v72 per-case ground truth (more specific than GT Matrix v1.0); note GT v1.0 TC04 wording differs. | D9: Agreed — proposed treatment adopted (AB, 13 Oct 2026)
A10: 9 | B10: Checkov TC02–TC04 misses | C10: Report as reproducible rule-matching limitation with the local probe as evidence. | D10: Agreed — proposed treatment adopted (AB, 13 Oct 2026)
A11: 10 | B11: Close PRs #56–#81 without merging after sign-off | C11: — | D11: Agreed — proposed treatment adopted (AB, 13 Oct 2026)
A12: 11 | B12: TC12/TC14 wildcard-destination scope in AI confirmed findings (TC12 run 1 F-001, F-002; TC14 run 1 F-001) | C12: Keep FALSE per pre-fixed ground truth; report sensitivity in Ch4.3 and Ch5 validity: FALSE 7→4, precision 82%→89% (40/45), non-vulnerable runs with a false finding 3→2 of 9. tfsec AVD-AZU-0047 concerns source only, so unaffected. Implements decision #1. | D12: Agreed (AB, 13 Oct 2026)

Sheet Scoring Rules
A1: AI explanation and remediation quality — operational scoring rules
A2: Rubric dimensions and 0–2 scale come from the TC01–TC12 Ground-Truth Matrix (remediation-quality rubric). The operational definitions below were written on 13 Oct 2026 to make the rubric applicable consistently. They were written AFTER the AI outputs had been read, by an AI assistant (Claude) acting as scorer; see the disclosure at the bottom.
A5: Dimension | B5: 2 = full | C5: 1 = partial | D5: 0 = none / wrong
A6: D Detection correctness (vulnerable case) | B6: Target condition raised as CONFIRMED on the correct resource. | C6: Target raised but as NEEDS_CONTEXT (hidden from PR comment), or only partly identified. | D6: Target not raised, classified FALSE_POSITIVE, or run failed validation.
A7: D Detection correctness (non-vulnerable case) | B7: No confirmed finding against the acceptable configuration. | C7: Only a LOW or unrelated confirmed finding. | D7: Blocks (fails the gate on) the acceptable configuration.
A8: E Explanation accuracy | B8: Every technical and policy claim is correct. | C8: Contains one or more inaccurate claims, or maps the finding to an inapplicable policy (e.g. SEC-001 'public exposure' applied to IAM, TLS or secrets; tags claimed on a non-taggable resource type). | D8: Core explanation materially wrong.
A9: I Impact explanation | B9: Specific consequence for this configuration (who can reach/do what). | C9: Generic or partly inaccurate impact. | D9: Missing.
A10: R Remediation quality | B10: Correct, actionable, addresses the root cause and would yield the ground-truth secure state. | C10: Partly correct, or misses part of the secure state, or adds questionable advice. | D10: Wrong or absent.
A11: C Context awareness | B11: Correctly uses related resources/files (associations, requirements, other files). | C11: Some context used but incomplete or misread. | D11: Ignores relevant context.
A12: U Developer usefulness | B12: A developer could act on the PR comment immediately; no noise. | C12: Useful but with noise: extra false or duplicate CONFIRMED findings. | D12: Misleading or useless in the PR comment: target hidden (NEEDS_CONTEXT is not shown), run failed, or legitimate configuration blocked.
A14: Application notes
A15: 1. Scope: vulnerable cases (TC02–TC11, TC13, TC15) are scored on all six dimensions (max 12). Non-vulnerable cases (TC01, TC12, TC14) are scored on D, E and U only (max 6); I, R and C are 'n/a'.
A16: 2. Each run is scored separately (3 runs per case; 4 for TC08 because one PR run failed validation and a fourth dispatch was made).
A17: 3. Only the AI output of the INDEPENDENT condition is scored (scanner_findings_supplied_to_ai = false). Hybrid (Condition C) outputs are not scored here.
A18: 4. Policy mis-mapping is penalised under E only (not U) to avoid double counting; it is also flagged separately in column O of 'AI Quality Scoring' so analysis can exclude it.
A19: 5. Disclosure / validity threat: the scorer is an AI assistant that read all outputs before writing these rules. No independent second rater was used (AB decided on 13 Oct not to score the sample); scores are a single rubric application with a written justification per score, reported as a limitation.
A20: 6. TC13–TC15 (added 13 Oct 2026) were scored from their ai_output.json artefacts after AB downloaded them (13 Oct, 15:50), using the same rules.

Sheet AI Quality Scoring
A1: TC | B1: Run | C1: Run ID | D1: Event | E1: Ground truth | F1: Target status in AI output | G1: D | H1: E | I1: I | J1: R | K1: C | L1: U | M1: Total | N1: Max | O1: Score % | P1: Policy mis-map? | Q1: Noise in PR comment? | R1: Scorer justification
A2: TC01 | B2: 1 | C2: 38404582550 | D2: pull_request | E2: Not vulnerable | F2: No confirmed findings | G2: 2 | H2: 2 | I2: n/a | J2: n/a | K2: n/a | L2: 2 | M2: =SUM(G2:L2) -> 6 | N2: =IF(E2="Vulnerable",12,6) -> 6 | O2: =M2/N2 -> 1 | P2: N | Q2: N | R2: Clean. One FALSE_POSITIVE informational note (DNS zone name split) correctly dismissed; not shown in PR comment.
A3: TC01 | B3: 2 | C3: 38405003190 | D3: workflow_dispatch | E3: Not vulnerable | F3: No findings | G3: 2 | H3: 2 | I3: n/a | J3: n/a | K3: n/a | L3: 2 | M3: =SUM(G3:L3) -> 6 | N3: =IF(E3="Vulnerable",12,6) -> 6 | O3: =M3/N3 -> 1 | P3: N | Q3: N | R3: Clean; no findings.
A4: TC01 | B4: 3 | C4: 38405111880 | D4: workflow_dispatch | E4: Not vulnerable | F4: No confirmed findings | G4: 2 | H4: 2 | I4: n/a | J4: n/a | K4: n/a | L4: 2 | M4: =SUM(G4:L4) -> 6 | N4: =IF(E4="Vulnerable",12,6) -> 6 | O4: =M4/N4 -> 1 | P4: N | Q4: N | R4: Clean. Three FALSE_POSITIVE informational notes, all correct dismissals (outbound deny, DDoS not applicable, NSG association present).
A5: TC02 | B5: 1 | C5: 38404584887 | D5: pull_request | E5: Vulnerable | F5: CONFIRMED | G5: 2 | H5: 2 | I5: 2 | J5: 2 | K5: 2 | L5: 2 | M5: =SUM(G5:L5) -> 12 | N5: =IF(E5="Vulnerable",12,6) -> 12 | O5: =M5/N5 -> 1 | P5: N | Q5: N | R5: SSH 22 from 0.0.0.0/0 identified on the correct rule; specific internet brute-force impact; restrict source to approved CIDR/Bastion; uses NSG–subnet association.
A6: TC02 | B6: 2 | C6: 38405012851 | D6: workflow_dispatch | E6: Vulnerable | F6: CONFIRMED | G6: 2 | H6: 2 | I6: 2 | J6: 2 | K6: 2 | L6: 2 | M6: =SUM(G6:L6) -> 12 | N6: =IF(E6="Vulnerable",12,6) -> 12 | O6: =M6/N6 -> 1 | P6: N | Q6: N | R6: As run 1; accurate and actionable.
A7: TC02 | B7: 3 | C7: 38405121064 | D7: workflow_dispatch | E7: Vulnerable | F7: CONFIRMED | G7: 2 | H7: 2 | I7: 2 | J7: 2 | K7: 2 | L7: 2 | M7: =SUM(G7:L7) -> 12 | N7: =IF(E7="Vulnerable",12,6) -> 12 | O7: =M7/N7 -> 1 | P7: N | Q7: N | R7: As run 1; accurate and actionable.
A8: TC03 | B8: 1 | C8: 38404589228 | D8: pull_request | E8: Vulnerable | F8: CONFIRMED | G8: 2 | H8: 2 | I8: 2 | J8: 2 | K8: 2 | L8: 2 | M8: =SUM(G8:L8) -> 12 | N8: =IF(E8="Vulnerable",12,6) -> 12 | O8: =M8/N8 -> 1 | P8: N | Q8: N | R8: RDP 3389 from any source; SEC-001 mapping appropriate (public exposure); remediation restricts source / Bastion.
A9: TC03 | B9: 2 | C9: 38405022162 | D9: workflow_dispatch | E9: Vulnerable | F9: CONFIRMED | G9: 2 | H9: 2 | I9: 2 | J9: 2 | K9: 2 | L9: 2 | M9: =SUM(G9:L9) -> 12 | N9: =IF(E9="Vulnerable",12,6) -> 12 | O9: =M9/N9 -> 1 | P9: N | Q9: N | R9: As run 1.
A10: TC03 | B10: 3 | C10: 38405130215 | D10: workflow_dispatch | E10: Vulnerable | F10: CONFIRMED | G10: 2 | H10: 2 | I10: 2 | J10: 2 | K10: 2 | L10: 1 | M10: =SUM(G10:L10) -> 11 | N10: =IF(E10="Vulnerable",12,6) -> 12 | O10: =M10/N10 -> 0.91666667 | P10: N | Q10: Y | R10: Target correct, but a second CONFIRMED HIGH finding (F-002 'SEC-001 violation') duplicates F-001 — duplicate noise in the PR comment.
A11: TC04 | B11: 1 | C11: 38404592498 | D11: pull_request | E11: Vulnerable | F11: CONFIRMED | G11: 2 | H11: 2 | I11: 1 | J11: 1 | K11: 2 | L11: 2 | M11: =SUM(G11:L11) -> 10 | N11: =IF(E11="Vulnerable",12,6) -> 12 | O11: =M11/N11 -> 0.83333333 | P11: N | Q11: N | R11: HTTP 80 from any source identified; impact framed as generic exposure with no reference to unencrypted HTTP; remediation restricts source only, no HTTPS/redirect alternative.
A12: TC04 | B12: 2 | C12: 38405031009 | D12: workflow_dispatch | E12: Vulnerable | F12: CONFIRMED | G12: 2 | H12: 2 | I12: 1 | J12: 1 | K12: 2 | L12: 2 | M12: =SUM(G12:L12) -> 10 | N12: =IF(E12="Vulnerable",12,6) -> 12 | O12: =M12/N12 -> 0.83333333 | P12: N | Q12: N | R12: As run 1 (no unencrypted-transport reasoning, no HTTPS alternative).
A13: TC04 | B13: 3 | C13: 38405139458 | D13: workflow_dispatch | E13: Vulnerable | F13: CONFIRMED | G13: 2 | H13: 2 | I13: 1 | J13: 1 | K13: 2 | L13: 2 | M13: =SUM(G13:L13) -> 10 | N13: =IF(E13="Vulnerable",12,6) -> 12 | O13: =M13/N13 -> 0.83333333 | P13: N | Q13: N | R13: As run 1.
A14: TC05 | B14: 1 | C14: 38404594354 | D14: pull_request | E14: Vulnerable | F14: CONFIRMED | G14: 2 | H14: 2 | I14: 2 | J14: 2 | K14: 2 | L14: 2 | M14: =SUM(G14:L14) -> 12 | N14: =IF(E14="Vulnerable",12,6) -> 12 | O14: =M14/N14 -> 1 | P14: N | Q14: N | R14: Missing subnet–NSG association found by cross-file reasoning (NSG exists, no association). Extra NEEDS_CONTEXT LOW note on DNS comment, not shown in PR comment.
A15: TC05 | B15: 2 | C15: 38405039302 | D15: workflow_dispatch | E15: Vulnerable | F15: CONFIRMED | G15: 2 | H15: 2 | I15: 2 | J15: 2 | K15: 2 | L15: 2 | M15: =SUM(G15:L15) -> 12 | N15: =IF(E15="Vulnerable",12,6) -> 12 | O15: =M15/N15 -> 1 | P15: N | Q15: N | R15: As run 1.
A16: TC05 | B16: 3 | C16: 38405149036 | D16: workflow_dispatch | E16: Vulnerable | F16: CONFIRMED | G16: 2 | H16: 2 | I16: 2 | J16: 2 | K16: 2 | L16: 2 | M16: =SUM(G16:L16) -> 12 | N16: =IF(E16="Vulnerable",12,6) -> 12 | O16: =M16/N16 -> 1 | P16: N | Q16: N | R16: As run 1 (severity MEDIUM rather than HIGH; does not affect rubric).
... A35: TC11 | B35: 3 | C35: 38405200842 | D35: workflow_dispatch | E35: Vulnerable | F35: CONFIRMED | G35: 2 | H35: 2 | I35: 2 | J35: 2 | K35: 2 | L35: 2 | M35: =SUM(G35:L35) -> 12 | N35: =IF(E35="Vulnerable",12,6) -> 12 | O35: =M35/N35 -> 1 | P35: N | Q35: N | R35: As run 2, without policy mis-mapping.
A36: TC12 | B36: 1 | C36: 38404619147 | D36: pull_request | E36: Not vulnerable | F36: CONFIRMED HIGH (blocks) | G36: 0 | H36: 1 | I36: n/a | J36: n/a | K36: n/a | L36: 0 | M36: =SUM(G36:L36) -> 1 | N36: =IF(E36="Vulnerable",12,6) -> 6 | O36: =M36/N36 -> 0.16666667 | P36: N | Q36: Y | R36: Legitimate public HTTPS treated as HIGH vulnerability; gate blocked (score 50). Also claims azurerm_network_security_rule supports tags (false).
A37: TC12 | B37: 2 | C37: 38405103514 | D37: workflow_dispatch | E37: Not vulnerable | F37: CONFIRMED LOW (tag) only | G37: 1 | H37: 1 | I37: n/a | J37: n/a | K37: n/a | L37: 1 | M37: =SUM(G37:L37) -> 3 | N37: =IF(E37="Vulnerable",12,6) -> 6 | O37: =M37/N37 -> 0.5 | P37: N | Q37: Y | R37: HTTPS exposure correctly not confirmed (destination-scope note as NEEDS_CONTEXT). Confirmed LOW TAG-001 finding is false: network security rules are not taggable.
A38: TC12 | B38: 3 | C38: 38405210047 | D38: workflow_dispatch | E38: Not vulnerable | F38: No confirmed findings | G38: 2 | H38: 2 | I38: n/a | J38: n/a | K38: n/a | L38: 2 | M38: =SUM(G38:L38) -> 6 | N38: =IF(E38="Vulnerable",12,6) -> 6 | O38: =M38/N38 -> 1 | P38: N | Q38: N | R38: Correctly accepted; correctly states rules are not taggable. Caveat: cites the fixture comment 'Ground truth: public TCP/443 ingress is intentional' — the test file cues the answer.
A39: TC13 | B39: 1 | C39: 38409744211 | D39: pull_request | E39: Vulnerable | F39: CONFIRMED | G39: 2 | H39: 2 | I39: 2 | J39: 2 | K39: 2 | L39: 2 | M39: =SUM(G39:L39) -> 12 | N39: =IF(E39="Vulnerable",12,6) -> 12 | O39: =M39/N39 -> 1 | P39: N | Q39: N | R39: Contributor at subscription vs Reader-on-RG requirement identified by cross-file reasoning (tc13_requirements.tf); exact remediation (Reader, resource-group scope). No policy mapping.
A40: TC13 | B40: 2 | C40: 38409804722 | D40: workflow_dispatch | E40: Vulnerable | F40: CONFIRMED | G40: 2 | H40: 1 | I40: 2 | J40: 2 | K40: 2 | L40: 2 | M40: =SUM(G40:L40) -> 11 | N40: =IF(E40="Vulnerable",12,6) -> 12 | O40: =M40/N40 -> 0.91666667 | P40: N | Q40: N | R40: Target and fix correct, but claims Contributor can modify role assignments; Contributor excludes Microsoft.Authorization write/delete actions (NotActions).
A41: TC13 | B41: 3 | C41: 38409830032 | D41: workflow_dispatch | E41: Vulnerable | F41: CONFIRMED | G41: 2 | H41: 1 | I41: 2 | J41: 2 | K41: 2 | L41: 2 | M41: =SUM(G41:L41) -> 11 | N41: =IF(E41="Vulnerable",12,6) -> 12 | O41: =M41/N41 -> 0.91666667 | P41: N | Q41: N | R41: Target and fix correct; impact lists 'IAM assignments' among what Contributor can modify — inaccurate (Microsoft.Authorization write excluded).
A42: TC14 | B42: 1 | C42: 38409748586 | D42: pull_request | E42: Not vulnerable | F42: CONFIRMED LOW (wildcard destination) | G42: 1 | H42: 2 | I42: n/a | J42: n/a | K42: n/a | L42: 1 | M42: =SUM(G42:L42) -> 4 | N42: =IF(E42="Vulnerable",12,6) -> 6 | O42: =M42/N42 -> 0.66666667 | P42: N | Q42: Y | R42: Restricted SSH correctly not treated as public exposure, but a hardening suggestion was CONFIRMED at LOW; ground truth TC14-GT-01 says no confirmed finding.
A43: TC14 | B43: 2 | C43: 38409813127 | D43: workflow_dispatch | E43: Not vulnerable | F43: No confirmed findings | G43: 2 | H43: 2 | I43: n/a | J43: n/a | K43: n/a | L43: 2 | M43: =SUM(G43:L43) -> 6 | N43: =IF(E43="Vulnerable",12,6) -> 6 | O43: =M43/N43 -> 1 | P43: N | Q43: N | R43: Accepted; NEEDS_CONTEXT LOW note asking to confirm the address is a managed bastion (hidden from PR comment) — reasonable.
A44: TC14 | B44: 3 | C44: 38409838825 | D44: workflow_dispatch | E44: Not vulnerable | F44: No confirmed findings | G44: 2 | H44: 2 | I44: n/a | J44: n/a | K44: n/a | L44: 2 | M44: =SUM(G44:L44) -> 6 | N44: =IF(E44="Vulnerable",12,6) -> 6 | O44: =M44/N44 -> 1 | P44: N | Q44: N | R44: Accepted; NEEDS_CONTEXT MEDIUM note on bastion ownership plus correct FALSE_POSITIVE dismissals (outbound deny, log quota).
A45: TC15 | B45: 1 | C45: 38409752049 | D45: pull_request | E45: Vulnerable | F45: CONFIRMED | G45: 2 | H45: 2 | I45: 2 | J45: 2 | K45: 2 | L45: 2 | M45: =SUM(G45:L45) -> 12 | N45: =IF(E45="Vulnerable",12,6) -> 12 | O45: =M45/N45 -> 1 | P45: N | Q45: N | R45: Hard-coded default password found (scanners missed it). Accurate impact (repository/history exposure); remediation: remove default, sensitive = true, secret store, rotate, purge history.
A46: TC15 | B46: 2 | C46: 38409821867 | D46: workflow_dispatch | E46: Vulnerable | F46: CONFIRMED | G46: 2 | H46: 2 | I46: 2 | J46: 2 | K46: 2 | L46: 2 | M46: =SUM(G46:L46) -> 12 | N46: =IF(E46="Vulnerable",12,6) -> 12 | O46: =M46/N46 -> 1 | P46: N | Q46: N | R46: Target and remediation correct. Claim that a variable default will appear in state is a generalisation consistent with HashiCorp guidance (secrets in configuration are stored in state and plan files); not penalised. Revised 13 Oct.
A47: TC15 | B47: 3 | C47: 38409847744 | D47: workflow_dispatch | E47: Vulnerable | F47: CONFIRMED | G47: 2 | H47: 2 | I47: 2 | J47: 2 | K47: 2 | L47: 2 | M47: =SUM(G47:L47) -> 12 | N47: =IF(E47="Vulnerable",12,6) -> 12 | O47: =M47/N47 -> 1 | P47: N | Q47: N | R47: Target correct; correctly qualifies that values reach state only when consumed by a resource; remediation complete (no default, sensitive, secret store, rotate).
A48: Blue = scorer input (0–2). Totals and percentages are formulas. Source: ai_output.json in each prom06-INDEPENDENT-<run_id> artefact; rules on 'Scoring Rules'.
A50: Summary (formulas)
A51: Measure | G51: D | H51: E | I51: I | J51: R | K51: C | L51: U | O51: Score %
A52: Mean — vulnerable runs (TC02–TC11, TC13, TC15) | G52: =AVERAGEIFS(G$2:G$47,$E$2:$E$47,"Vulnerable") -> 1.8918919 | H52: =AVERAGEIFS(H$2:H$47,$E$2:$E$47,"Vulnerable") -> 1.6486486 | I52: =AVERAGEIFS(I$2:I$47,$E$2:$E$47,"Vulnerable") -> 1.8918919 | J52: =AVERAGEIFS(J$2:J$47,$E$2:$E$47,"Vulnerable") -> 1.8918919 | K52: =AVERAGEIFS(K$2:K$47,$E$2:$E$47,"Vulnerable") -> 1.972973 | L52: =AVERAGEIFS(L$2:L$47,$E$2:$E$47,"Vulnerable") -> 1.7567568 | O52: =AVERAGEIFS(O$2:O$47,$E$2:$E$47,"Vulnerable") -> 0.92117117
A53: Mean — non-vulnerable runs (TC01, TC12, TC14) | G53: =AVERAGEIFS(G$2:G$47,$E$2:$E$47,"Not vulnerable") -> 1.5555556 | H53: =AVERAGEIFS(H$2:H$47,$E$2:$E$47,"Not vulnerable") -> 1.7777778 | I53: n/a | J53: n/a | K53: n/a | L53: =AVERAGEIFS(L$2:L$47,$E$2:$E$47,"Not vulnerable") -> 1.5555556 | O53: =AVERAGEIFS(O$2:O$47,$E$2:$E$47,"Not vulnerable") -> 0.81481481
A54: Runs with policy mis-mapping | G54: =COUNTIF(P$2:P$47,"Y")&" of "&COUNTA(P$2:P$47) -> 9 of 46
A55: Runs with noise in PR comment | G55: =COUNTIF(Q$2:Q$47,"Y")&" of "&COUNTA(Q$2:Q$47) -> 6 of 46
A56: Vulnerable runs scoring 2 on every dimension | G56: =SUMPRODUCT(($E$2:$E$47="Vulnerable")*(M$2:M$47=12))&" of "&COUNTIF($E$2:$E$47,"Vulnerable") -> 18 of 37
A58: Per test case
A59: TC | B59: Runs | C59: Mean D | D59: Mean E | E59: Mean U | F59: Mean R (vuln.) | G59: Mean score % | H59: Min score %
A60: TC01 | B60: =COUNTIF($A$2:$A$47,A60) -> 3 | C60: =AVERAGEIF($A$2:$A$47,A60,G$2:G$47) -> 2 | D60: =AVERAGEIF($A$2:$A$47,A60,H$2:H$47) -> 2 | E60: =AVERAGEIF($A$2:$A$47,A60,L$2:L$47) -> 2 | F60: =IFERROR(AVERAGEIF($A$2:$A$47,A60,J$2:J$47),"n/a") -> n/a | G60: =AVERAGEIF($A$2:$A$47,A60,O$2:O$47) -> 1 | H60: =_xlfn.MINIFS(O$2:O$47,$A$2:$A$47,A60) -> 1
A61: TC02 | B61: =COUNTIF($A$2:$A$47,A61) -> 3 | C61: =AVERAGEIF($A$2:$A$47,A61,G$2:G$47) -> 2 | D61: =AVERAGEIF($A$2:$A$47,A61,H$2:H$47) -> 2 | E61: =AVERAGEIF($A$2:$A$47,A61,L$2:L$47) -> 2 | F61: =IFERROR(AVERAGEIF($A$2:$A$47,A61,J$2:J$47),"n/a") -> 2 | G61: =AVERAGEIF($A$2:$A$47,A61,O$2:O$47) -> 1 | H61: =_xlfn.MINIFS(O$2:O$47,$A$2:$A$47,A61) -> 1
A62: TC03 | B62: =COUNTIF($A$2:$A$47,A62) -> 3 | C62: =AVERAGEIF($A$2:$A$47,A62,G$2:G$47) -> 2 | D62: =AVERAGEIF($A$2:$A$47,A62,H$2:H$47) -> 2 | E62: =AVERAGEIF($A$2:$A$47,A62,L$2:L$47) -> 1.6666667 | F62: =IFERROR(AVERAGEIF($A$2:$A$47,A62,J$2:J$47),"n/a") -> 2 | G62: =AVERAGEIF($A$2:$A$47,A62,O$2:O$47) -> 0.97222222 | H62: =_xlfn.MINIFS(O$2:O$47,$A$2:$A$47,A62) -> 0.91666667
A63: TC04 | B63: =COUNTIF($A$2:$A$47,A63) -> 3 | C63: =AVERAGEIF($A$2:$A$47,A63,G$2:G$47) -> 2 | D63: =AVERAGEIF($A$2:$A$47,A63,H$2:H$47) -> 2 | E63: =AVERAGEIF($A$2:$A$47,A63,L$2:L$47) -> 2 | F63: =IFERROR(AVERAGEIF($A$2:$A$47,A63,J$2:J$47),"n/a") -> 1 | G63: =AVERAGEIF($A$2:$A$47,A63,O$2:O$47) -> 0.83333333 | H63: =_xlfn.MINIFS(O$2:O$47,$A$2:$A$47,A63) -> 0.83333333
A64: TC05 | B64: =COUNTIF($A$2:$A$47,A64) -> 3 | C64: =AVERAGEIF($A$2:$A$47,A64,G$2:G$47) -> 2 | D64: =AVERAGEIF($A$2:$A$47,A64,H$2:H$47) -> 2 | E64: =AVERAGEIF($A$2:$A$47,A64,L$2:L$47) -> 2 | F64: =IFERROR(AVERAGEIF($A$2:$A$47,A64,J$2:J$47),"n/a") -> 2 | G64: =AVERAGEIF($A$2:$A$47,A64,O$2:O$47) -> 1 | H64: =_xlfn.MINIFS(O$2:O$47,$A$2:$A$47,A64) -> 1
A65: TC06 | B65: =COUNTIF($A$2:$A$47,A65) -> 3 | C65: =AVERAGEIF($A$2:$A$47,A65,G$2:G$47) -> 2 | D65: =AVERAGEIF($A$2:$A$47,A65,H$2:H$47) -> 2 | E65: =AVERAGEIF($A$2:$A$47,A65,L$2:L$47) -> 2 | F65: =IFERROR(AVERAGEIF($A$2:$A$47,A65,J$2:J$47),"n/a") -> 2 | G65: =AVERAGEIF($A$2:$A$47,A65,O$2:O$47) -> 1 | H65: =_xlfn.MINIFS(O$2:O$47,$A$2:$A$47,A65) -> 1
A66: TC07 | B66: =COUNTIF($A$2:$A$47,A66) -> 3 | C66: =AVERAGEIF($A$2:$A$47,A66,G$2:G$47) -> 2 | D66: =AVERAGEIF($A$2:$A$47,A66,H$2:H$47) -> 1 | E66: =AVERAGEIF($A$2:$A$47,A66,L$2:L$47) -> 2 | F66: =IFERROR(AVERAGEIF($A$2:$A$47,A66,J$2:J$47),"n/a") -> 2 | G66: =AVERAGEIF($A$2:$A$47,A66,O$2:O$47) -> 0.91666667 | H66: =_xlfn.MINIFS(O$2:O$47,$A$2:$A$47,A66) -> 0.91666667
A67: TC08 | B67: =COUNTIF($A$2:$A$47,A67) -> 4 | C67: =AVERAGEIF($A$2:$A$47,A67,G$2:G$47) -> 1 | D67: =AVERAGEIF($A$2:$A$47,A67,H$2:H$47) -> 1.75 | E67: =AVERAGEIF($A$2:$A$47,A67,L$2:L$47) -> 0.5 | F67: =IFERROR(AVERAGEIF($A$2:$A$47,A67,J$2:J$47),"n/a") -> 2 | G67: =AVERAGEIF($A$2:$A$47,A67,O$2:O$47) -> 0.72916667 | H67: =_xlfn.MINIFS(O$2:O$47,$A$2:$A$47,A67) -> 0.41666667
A68: TC09 | B68: =COUNTIF($A$2:$A$47,A68) -> 3 | C68: =AVERAGEIF($A$2:$A$47,A68,G$2:G$47) -> 2 | D68: =AVERAGEIF($A$2:$A$47,A68,H$2:H$47) -> 1.3333333 | E68: =AVERAGEIF($A$2:$A$47,A68,L$2:L$47) -> 2 | F68: =IFERROR(AVERAGEIF($A$2:$A$47,A68,J$2:J$47),"n/a") -> 2 | G68: =AVERAGEIF($A$2:$A$47,A68,O$2:O$47) -> 0.94444444 | H68: =_xlfn.MINIFS(O$2:O$47,$A$2:$A$47,A68) -> 0.91666667
A69: TC10 | B69: =COUNTIF($A$2:$A$47,A69) -> 3 | C69: =AVERAGEIF($A$2:$A$47,A69,G$2:G$47) -> 2 | D69: =AVERAGEIF($A$2:$A$47,A69,H$2:H$47) -> 1 | E69: =AVERAGEIF($A$2:$A$47,A69,L$2:L$47) -> 1.3333333 | F69: =IFERROR(AVERAGEIF($A$2:$A$47,A69,J$2:J$47),"n/a") -> 1.6666667 | G69: =AVERAGEIF($A$2:$A$47,A69,O$2:O$47) -> 0.83333333 | H69: =_xlfn.MINIFS(O$2:O$47,$A$2:$A$47,A69) -> 0.75
A70: TC11 | B70: =COUNTIF($A$2:$A$47,A70) -> 3 | C70: =AVERAGEIF($A$2:$A$47,A70,G$2:G$47) -> 2 | D70: =AVERAGEIF($A$2:$A$47,A70,H$2:H$47) -> 1.3333333 | E70: =AVERAGEIF($A$2:$A$47,A70,L$2:L$47) -> 2 | F70: =IFERROR(AVERAGEIF($A$2:$A$47,A70,J$2:J$47),"n/a") -> 2 | G70: =AVERAGEIF($A$2:$A$47,A70,O$2:O$47) -> 0.94444444 | H70: =_xlfn.MINIFS(O$2:O$47,$A$2:$A$47,A70) -> 0.91666667
A71: TC12 | B71: =COUNTIF($A$2:$A$47,A71) -> 3 | C71: =AVERAGEIF($A$2:$A$47,A71,G$2:G$47) -> 1 | D71: =AVERAGEIF($A$2:$A$47,A71,H$2:H$47) -> 1.3333333 | E71: =AVERAGEIF($A$2:$A$47,A71,L$2:L$47) -> 1 | F71: =IFERROR(AVERAGEIF($A$2:$A$47,A71,J$2:J$47),"n/a") -> n/a | G71: =AVERAGEIF($A$2:$A$47,A71,O$2:O$47) -> 0.55555556 | H71: =_xlfn.MINIFS(O$2:O$47,$A$2:$A$47,A71) -> 0.16666667
... A74: TC15 | B74: =COUNTIF($A$2:$A$47,A74) -> 3 | C74: =AVERAGEIF($A$2:$A$47,A74,G$2:G$47) -> 2 | D74: =AVERAGEIF($A$2:$A$47,A74,H$2:H$47) -> 2 | E74: =AVERAGEIF($A$2:$A$47,A74,L$2:L$47) -> 2 | F74: =IFERROR(AVERAGEIF($A$2:$A$47,A74,J$2:J$47),"n/a") -> 2 | G74: =AVERAGEIF($A$2:$A$47,A74,O$2:O$47) -> 1 | H74: =_xlfn.MINIFS(O$2:O$47,$A$2:$A$47,A74) -> 1

Sheet Draft Matrix (original)
A1: Test case | B1: Ground-truth vulnerability | C1: Checkov result | D1: tfsec result | E1: AI reviewer result
A2: TC01 | B2: Secure Baseline | C2: No Security Issue Detected | D2: No Security Issue Detected | E2: No Security Issue Detected
A3: TC02 | B3: Unrestricted SSH ingress | C3: Not Detected | D3: Detected — critical | E3: Detected — critical
A4: TC03 | B4: Unrestricted RDP ingress | C4: Not Detected | D4: Detected — critical | E4: Detected — critical
A5: TC04 | B5: Public HTTP ingress | C5: Not Detected | D5: Detected — critical | E5: Detected - High
A6: TC05 | B6: Missing NSG association | C6: Detected | D6: Not detected | E6: Detected - Medium
A7: TC06 | B7: Public DNS configuration | C7: Detected | D7: Not detected | E7: Detected - Medium
A8: TC07 | B8: Weak TLS configuration | C8: Detected | D8: Detected | E8: Detected — critical
A9: TC08 | B9: Missing Diagnostics & Audit Logging | C9: Not Detected | D9: Not detected | E9: Detected - Medium
A10: TC09 | B10: Plaintext credential | C10: Not Detected | D10: Not Detected | E10: Detected - Medium
A11: TC10 | B11: Excessive Azure IAM Permissions | C11: Detected | D11: Not Detected | E11: Detected — critical
A12: TC11 | B12: Multi-File, Contect Dependent Security Weakness | C12: Detected | D12: Not Detected | E12: Detected - High
A13: TC12 | B13: Legitamte Public HTTPS Service | C13: Not Detected | D13: Detected — critical | E13: Detected - Medium
A15: Unchanged copy of AB's draft (Results_Matrix_Draft.xlsx) for traceability. Superseded by 'Verified Matrix'.
